Copyright 1986-2022 Xilinx, Inc. All Rights Reserved. Copyright 2022-2025 Advanced Micro Devices, Inc. All Rights Reserved.
---------------------------------------------------------------------------------------------------------------------------------------------------------------------------------------------------------------------------------------------------------------
| Tool Version : Vivado v.2025.1 (win64) Build 6140274 Thu May 22 00:12:29 MDT 2025
| Date         : Tue Sep 22 01:20:24 2026
| Host         : claytonsPC running 64-bit major release  (build 9200)
| Command      : report_timing_summary -max_paths 10 -routable_nets -report_unconstrained -file board_top_wrapper_timing_summary_routed.rpt -pb board_top_wrapper_timing_summary_routed.pb -rpx board_top_wrapper_timing_summary_routed.rpx -warn_on_violation
| Design       : board_top_wrapper
| Device       : 7a35t-cpg236
| Speed File   : -1  PRODUCTION 1.23 2018-06-13
| Design State : Routed
---------------------------------------------------------------------------------------------------------------------------------------------------------------------------------------------------------------------------------------------------------------

Timing Summary Report

------------------------------------------------------------------------------------------------
| Timer Settings
| --------------
------------------------------------------------------------------------------------------------

  Enable Multi Corner Analysis               :  Yes
  Enable Pessimism Removal                   :  Yes
  Pessimism Removal Resolution               :  Nearest Common Node
  Enable Input Delay Default Clock           :  No
  Enable Preset / Clear Arcs                 :  No
  Disable Flight Delays                      :  No
  Ignore I/O Paths                           :  No
  Timing Early Launch at Borrowing Latches   :  No
  Borrow Time for Max Delay Exceptions       :  Yes
  Merge Timing Exceptions                    :  Yes
  Inter-SLR Compensation                     :  Conservative

  Corner  Analyze    Analyze    
  Name    Max Paths  Min Paths  
  ------  ---------  ---------  
  Slow    Yes        Yes        
  Fast    Yes        Yes        


------------------------------------------------------------------------------------------------
| Report Methodology
| ------------------
------------------------------------------------------------------------------------------------

Rule       Severity          Description                    Violations  
---------  ----------------  -----------------------------  ----------  
TIMING-17  Critical Warning  Non-clocked sequential cell    1000        
TIMING-18  Warning           Missing input or output delay  12          

Note: This report is based on the most recent report_methodology run and may not be up-to-date. Run report_methodology on the current design for the latest report.



check_timing report

Table of Contents
-----------------
1. checking no_clock (2304)
2. checking constant_clock (0)
3. checking pulse_width_clock (0)
4. checking unconstrained_internal_endpoints (4320)
5. checking no_input_delay (2)
6. checking no_output_delay (11)
7. checking multiple_clock (0)
8. checking generated_clocks (0)
9. checking loops (0)
10. checking partial_input_delay (0)
11. checking partial_output_delay (0)
12. checking latch_loops (0)

1. checking no_clock (2304)
---------------------------
 There are 1152 register/latch pins with no clock driven by root clock pin: board_top_i/single_step_clock_0/U0/btn_stable_prev_reg/Q (HIGH)

 There are 1152 register/latch pins with no clock driven by root clock pin: board_top_i/single_step_clock_0/U0/btn_stable_reg/Q (HIGH)


2. checking constant_clock (0)
------------------------------
 There are 0 register/latch pins with constant_clock.


3. checking pulse_width_clock (0)
---------------------------------
 There are 0 register/latch pins which need pulse_width check


4. checking unconstrained_internal_endpoints (4320)
---------------------------------------------------
 There are 4320 pins that are not constrained for maximum delay. (HIGH)

 There are 0 pins that are not constrained for maximum delay due to constant clock.


5. checking no_input_delay (2)
------------------------------
 There are 2 input ports with no input delay specified. (HIGH)

 There are 0 input ports with no input delay but user has a false path constraint.


6. checking no_output_delay (11)
--------------------------------
 There are 11 ports with no output delay specified. (HIGH)

 There are 0 ports with no output delay but user has a false path constraint

 There are 0 ports with no output delay but with a timing clock defined on it or propagating through it


7. checking multiple_clock (0)
------------------------------
 There are 0 register/latch pins with multiple clocks.


8. checking generated_clocks (0)
--------------------------------
 There are 0 generated clocks that are not connected to a clock source.


9. checking loops (0)
---------------------
 There are 0 combinational loops in the design.


10. checking partial_input_delay (0)
------------------------------------
 There are 0 input ports with partial input delay specified.


11. checking partial_output_delay (0)
-------------------------------------
 There are 0 ports with partial output delay specified.


12. checking latch_loops (0)
----------------------------
 There are 0 combinational latch loops in the design through latch input



------------------------------------------------------------------------------------------------
| Design Timing Summary
| ---------------------
------------------------------------------------------------------------------------------------

    WNS(ns)      TNS(ns)  TNS Failing Endpoints  TNS Total Endpoints      WHS(ns)      THS(ns)  THS Failing Endpoints  THS Total Endpoints     WPWS(ns)     TPWS(ns)  TPWS Failing Endpoints  TPWS Total Endpoints  
    -------      -------  ---------------------  -------------------      -------      -------  ---------------------  -------------------     --------     --------  ----------------------  --------------------  
      5.492        0.000                      0                   78        0.264        0.000                      0                   78        4.500        0.000                       0                    44  


All user specified timing constraints are met.


------------------------------------------------------------------------------------------------
| Clock Summary
| -------------
------------------------------------------------------------------------------------------------

Clock        Waveform(ns)       Period(ns)      Frequency(MHz)
-----        ------------       ----------      --------------
sys_clk_pin  {0.000 5.000}      10.000          100.000         


------------------------------------------------------------------------------------------------
| Intra Clock Table
| -----------------
------------------------------------------------------------------------------------------------

Clock             WNS(ns)      TNS(ns)  TNS Failing Endpoints  TNS Total Endpoints      WHS(ns)      THS(ns)  THS Failing Endpoints  THS Total Endpoints     WPWS(ns)     TPWS(ns)  TPWS Failing Endpoints  TPWS Total Endpoints  
-----             -------      -------  ---------------------  -------------------      -------      -------  ---------------------  -------------------     --------     --------  ----------------------  --------------------  
sys_clk_pin         5.492        0.000                      0                   78        0.264        0.000                      0                   78        4.500        0.000                       0                    44  


------------------------------------------------------------------------------------------------
| Inter Clock Table
| -----------------
------------------------------------------------------------------------------------------------

From Clock    To Clock          WNS(ns)      TNS(ns)  TNS Failing Endpoints  TNS Total Endpoints      WHS(ns)      THS(ns)  THS Failing Endpoints  THS Total Endpoints  
----------    --------          -------      -------  ---------------------  -------------------      -------      -------  ---------------------  -------------------  


------------------------------------------------------------------------------------------------
| Other Path Groups Table
| -----------------------
------------------------------------------------------------------------------------------------

Path Group    From Clock    To Clock          WNS(ns)      TNS(ns)  TNS Failing Endpoints  TNS Total Endpoints      WHS(ns)      THS(ns)  THS Failing Endpoints  THS Total Endpoints  
----------    ----------    --------          -------      -------  ---------------------  -------------------      -------      -------  ---------------------  -------------------  


------------------------------------------------------------------------------------------------
| User Ignored Path Table
| -----------------------
------------------------------------------------------------------------------------------------

Path Group    From Clock    To Clock    
----------    ----------    --------    


------------------------------------------------------------------------------------------------
| Unconstrained Path Table
| ------------------------
------------------------------------------------------------------------------------------------

Path Group    From Clock    To Clock    
----------    ----------    --------    
(none)                                    
(none)        sys_clk_pin                 
(none)                      sys_clk_pin   


------------------------------------------------------------------------------------------------
| Timing Details
| --------------
------------------------------------------------------------------------------------------------


---------------------------------------------------------------------------------------------------
From Clock:  sys_clk_pin
  To Clock:  sys_clk_pin

Setup :            0  Failing Endpoints,  Worst Slack        5.492ns,  Total Violation        0.000ns
Hold  :            0  Failing Endpoints,  Worst Slack        0.264ns,  Total Violation        0.000ns
PW    :            0  Failing Endpoints,  Worst Slack        4.500ns,  Total Violation        0.000ns
---------------------------------------------------------------------------------------------------


Max Delay Paths
--------------------------------------------------------------------------------------
Slack (MET) :             5.492ns  (required time - arrival time)
  Source:                 board_top_i/single_step_clock_0/U0/counter_reg[18]/C
                            (rising edge-triggered cell FDRE clocked by sys_clk_pin  {rise@0.000ns fall@5.000ns period=10.000ns})
  Destination:            board_top_i/single_step_clock_0/U0/counter_reg[0]/D
                            (rising edge-triggered cell FDRE clocked by sys_clk_pin  {rise@0.000ns fall@5.000ns period=10.000ns})
  Path Group:             sys_clk_pin
  Path Type:              Setup (Max at Slow Process Corner)
  Requirement:            10.000ns  (sys_clk_pin rise@10.000ns - sys_clk_pin rise@0.000ns)
  Data Path Delay:        4.136ns  (logic 1.050ns (25.386%)  route 3.086ns (74.614%))
  Logic Levels:           3  (LUT2=1 LUT4=1 LUT5=1)
  Clock Path Skew:        -0.026ns (DCD - SCD + CPR)
    Destination Clock Delay (DCD):    4.786ns = ( 14.786 - 10.000 ) 
    Source Clock Delay      (SCD):    5.087ns
    Clock Pessimism Removal (CPR):    0.275ns
  Clock Uncertainty:      0.035ns  ((TSJ^2 + TIJ^2)^1/2 + DJ) / 2 + PE
    Total System Jitter     (TSJ):    0.071ns
    Total Input Jitter      (TIJ):    0.000ns
    Discrete Jitter          (DJ):    0.000ns
    Phase Error              (PE):    0.000ns

    Location             Delay type                Incr(ns)  Path(ns)    Netlist Resource(s)
  -------------------------------------------------------------------    -------------------
                         (clock sys_clk_pin rise edge)
                                                      0.000     0.000 r  
    W5                                                0.000     0.000 r  board_clk (IN)
                         net (fo=0)                   0.000     0.000    board_clk
    W5                   IBUF (Prop_ibuf_I_O)         1.458     1.458 r  board_clk_IBUF_inst/O
                         net (fo=1, routed)           1.967     3.425    board_clk_IBUF
    BUFGCTRL_X0Y1        BUFG (Prop_bufg_I_O)         0.096     3.521 r  board_clk_IBUF_BUFG_inst/O
                         net (fo=43, routed)          1.566     5.087    board_top_i/single_step_clock_0/U0/clk
    SLICE_X38Y47         FDRE                                         r  board_top_i/single_step_clock_0/U0/counter_reg[18]/C
  -------------------------------------------------------------------    -------------------
    SLICE_X38Y47         FDRE (Prop_fdre_C_Q)         0.478     5.565 f  board_top_i/single_step_clock_0/U0/counter_reg[18]/Q
                         net (fo=2, routed)           0.829     6.395    board_top_i/single_step_clock_0/U0/counter[18]
    SLICE_X38Y46         LUT4 (Prop_lut4_I0_O)        0.295     6.690 r  board_top_i/single_step_clock_0/U0/counter[19]_i_6/O
                         net (fo=1, routed)           0.658     7.348    board_top_i/single_step_clock_0/U0/counter[19]_i_6_n_0
    SLICE_X38Y45         LUT5 (Prop_lut5_I2_O)        0.124     7.472 f  board_top_i/single_step_clock_0/U0/counter[19]_i_3/O
                         net (fo=21, routed)          1.103     8.574    board_top_i/single_step_clock_0/U0/counter[19]_i_3_n_0
    SLICE_X38Y46         LUT2 (Prop_lut2_I1_O)        0.153     8.727 r  board_top_i/single_step_clock_0/U0/counter[0]_i_1/O
                         net (fo=1, routed)           0.496     9.223    board_top_i/single_step_clock_0/U0/counter_0[0]
    SLICE_X39Y46         FDRE                                         r  board_top_i/single_step_clock_0/U0/counter_reg[0]/D
  -------------------------------------------------------------------    -------------------

                         (clock sys_clk_pin rise edge)
                                                     10.000    10.000 r  
    W5                                                0.000    10.000 r  board_clk (IN)
                         net (fo=0)                   0.000    10.000    board_clk
    W5                   IBUF (Prop_ibuf_I_O)         1.388    11.388 r  board_clk_IBUF_inst/O
                         net (fo=1, routed)           1.862    13.250    board_clk_IBUF
    BUFGCTRL_X0Y1        BUFG (Prop_bufg_I_O)         0.091    13.341 r  board_clk_IBUF_BUFG_inst/O
                         net (fo=43, routed)          1.445    14.786    board_top_i/single_step_clock_0/U0/clk
    SLICE_X39Y46         FDRE                                         r  board_top_i/single_step_clock_0/U0/counter_reg[0]/C
                         clock pessimism              0.275    15.061    
                         clock uncertainty           -0.035    15.026    
    SLICE_X39Y46         FDRE (Setup_fdre_C_D)       -0.310    14.716    board_top_i/single_step_clock_0/U0/counter_reg[0]
  -------------------------------------------------------------------
                         required time                         14.716    
                         arrival time                          -9.223    
  -------------------------------------------------------------------
                         slack                                  5.492    

Slack (MET) :             5.701ns  (required time - arrival time)
  Source:                 board_top_i/single_step_clock_0/U0/counter_reg[18]/C
                            (rising edge-triggered cell FDRE clocked by sys_clk_pin  {rise@0.000ns fall@5.000ns period=10.000ns})
  Destination:            board_top_i/single_step_clock_0/U0/btn_stable_reg/D
                            (rising edge-triggered cell FDRE clocked by sys_clk_pin  {rise@0.000ns fall@5.000ns period=10.000ns})
  Path Group:             sys_clk_pin
  Path Type:              Setup (Max at Slow Process Corner)
  Requirement:            10.000ns  (sys_clk_pin rise@10.000ns - sys_clk_pin rise@0.000ns)
  Data Path Delay:        3.866ns  (logic 1.015ns (26.251%)  route 2.851ns (73.749%))
  Logic Levels:           3  (LUT3=1 LUT4=1 LUT5=1)
  Clock Path Skew:        -0.114ns (DCD - SCD + CPR)
    Destination Clock Delay (DCD):    4.785ns = ( 14.785 - 10.000 ) 
    Source Clock Delay      (SCD):    5.087ns
    Clock Pessimism Removal (CPR):    0.188ns
  Clock Uncertainty:      0.035ns  ((TSJ^2 + TIJ^2)^1/2 + DJ) / 2 + PE
    Total System Jitter     (TSJ):    0.071ns
    Total Input Jitter      (TIJ):    0.000ns
    Discrete Jitter          (DJ):    0.000ns
    Phase Error              (PE):    0.000ns

    Location             Delay type                Incr(ns)  Path(ns)    Netlist Resource(s)
  -------------------------------------------------------------------    -------------------
                         (clock sys_clk_pin rise edge)
                                                      0.000     0.000 r  
    W5                                                0.000     0.000 r  board_clk (IN)
                         net (fo=0)                   0.000     0.000    board_clk
    W5                   IBUF (Prop_ibuf_I_O)         1.458     1.458 r  board_clk_IBUF_inst/O
                         net (fo=1, routed)           1.967     3.425    board_clk_IBUF
    BUFGCTRL_X0Y1        BUFG (Prop_bufg_I_O)         0.096     3.521 r  board_clk_IBUF_BUFG_inst/O
                         net (fo=43, routed)          1.566     5.087    board_top_i/single_step_clock_0/U0/clk
    SLICE_X38Y47         FDRE                                         r  board_top_i/single_step_clock_0/U0/counter_reg[18]/C
  -------------------------------------------------------------------    -------------------
    SLICE_X38Y47         FDRE (Prop_fdre_C_Q)         0.478     5.565 r  board_top_i/single_step_clock_0/U0/counter_reg[18]/Q
                         net (fo=2, routed)           0.829     6.395    board_top_i/single_step_clock_0/U0/counter[18]
    SLICE_X38Y46         LUT4 (Prop_lut4_I0_O)        0.295     6.690 f  board_top_i/single_step_clock_0/U0/counter[19]_i_6/O
                         net (fo=1, routed)           0.658     7.348    board_top_i/single_step_clock_0/U0/counter[19]_i_6_n_0
    SLICE_X38Y45         LUT5 (Prop_lut5_I2_O)        0.124     7.472 r  board_top_i/single_step_clock_0/U0/counter[19]_i_3/O
                         net (fo=21, routed)          0.982     8.453    board_top_i/single_step_clock_0/U0/counter[19]_i_3_n_0
    SLICE_X35Y46         LUT3 (Prop_lut3_I0_O)        0.118     8.571 r  board_top_i/single_step_clock_0/U0/btn_stable_i_1/O
                         net (fo=1, routed)           0.382     8.954    board_top_i/single_step_clock_0/U0/btn_stable_i_1_n_0
    SLICE_X35Y46         FDRE                                         r  board_top_i/single_step_clock_0/U0/btn_stable_reg/D
  -------------------------------------------------------------------    -------------------

                         (clock sys_clk_pin rise edge)
                                                     10.000    10.000 r  
    W5                                                0.000    10.000 r  board_clk (IN)
                         net (fo=0)                   0.000    10.000    board_clk
    W5                   IBUF (Prop_ibuf_I_O)         1.388    11.388 r  board_clk_IBUF_inst/O
                         net (fo=1, routed)           1.862    13.250    board_clk_IBUF
    BUFGCTRL_X0Y1        BUFG (Prop_bufg_I_O)         0.091    13.341 r  board_clk_IBUF_BUFG_inst/O
                         net (fo=43, routed)          1.444    14.785    board_top_i/single_step_clock_0/U0/clk
    SLICE_X35Y46         FDRE                                         r  board_top_i/single_step_clock_0/U0/btn_stable_reg/C
                         clock pessimism              0.188    14.973    
                         clock uncertainty           -0.035    14.938    
    SLICE_X35Y46         FDRE (Setup_fdre_C_D)       -0.283    14.655    board_top_i/single_step_clock_0/U0/btn_stable_reg
  -------------------------------------------------------------------
                         required time                         14.655    
                         arrival time                          -8.954    
  -------------------------------------------------------------------
                         slack                                  5.701    

Slack (MET) :             5.953ns  (required time - arrival time)
  Source:                 board_top_i/seven_seg_controller_0/U0/refresh_counter_reg[14]/C
                            (rising edge-triggered cell FDRE clocked by sys_clk_pin  {rise@0.000ns fall@5.000ns period=10.000ns})
  Destination:            board_top_i/seven_seg_controller_0/U0/refresh_counter_reg[13]/R
                            (rising edge-triggered cell FDRE clocked by sys_clk_pin  {rise@0.000ns fall@5.000ns period=10.000ns})
  Path Group:             sys_clk_pin
  Path Type:              Setup (Max at Slow Process Corner)
  Requirement:            10.000ns  (sys_clk_pin rise@10.000ns - sys_clk_pin rise@0.000ns)
  Data Path Delay:        3.583ns  (logic 0.704ns (19.650%)  route 2.879ns (80.350%))
  Logic Levels:           2  (LUT4=1 LUT5=1)
  Clock Path Skew:        0.000ns (DCD - SCD + CPR)
    Destination Clock Delay (DCD):    4.789ns = ( 14.789 - 10.000 ) 
    Source Clock Delay      (SCD):    5.087ns
    Clock Pessimism Removal (CPR):    0.298ns
  Clock Uncertainty:      0.035ns  ((TSJ^2 + TIJ^2)^1/2 + DJ) / 2 + PE
    Total System Jitter     (TSJ):    0.071ns
    Total Input Jitter      (TIJ):    0.000ns
    Discrete Jitter          (DJ):    0.000ns
    Phase Error              (PE):    0.000ns

    Location             Delay type                Incr(ns)  Path(ns)    Netlist Resource(s)
  -------------------------------------------------------------------    -------------------
                         (clock sys_clk_pin rise edge)
                                                      0.000     0.000 r  
    W5                                                0.000     0.000 r  board_clk (IN)
                         net (fo=0)                   0.000     0.000    board_clk
    W5                   IBUF (Prop_ibuf_I_O)         1.458     1.458 r  board_clk_IBUF_inst/O
                         net (fo=1, routed)           1.967     3.425    board_clk_IBUF
    BUFGCTRL_X0Y1        BUFG (Prop_bufg_I_O)         0.096     3.521 r  board_clk_IBUF_BUFG_inst/O
                         net (fo=43, routed)          1.566     5.087    board_top_i/seven_seg_controller_0/U0/clk
    SLICE_X57Y13         FDRE                                         r  board_top_i/seven_seg_controller_0/U0/refresh_counter_reg[14]/C
  -------------------------------------------------------------------    -------------------
    SLICE_X57Y13         FDRE (Prop_fdre_C_Q)         0.456     5.543 f  board_top_i/seven_seg_controller_0/U0/refresh_counter_reg[14]/Q
                         net (fo=2, routed)           0.973     6.516    board_top_i/seven_seg_controller_0/U0/refresh_counter[14]
    SLICE_X55Y13         LUT4 (Prop_lut4_I0_O)        0.124     6.640 f  board_top_i/seven_seg_controller_0/U0/refresh_counter[0]_i_4/O
                         net (fo=2, routed)           0.960     7.601    board_top_i/seven_seg_controller_0/U0/refresh_counter[0]_i_4_n_0
    SLICE_X57Y9          LUT5 (Prop_lut5_I1_O)        0.124     7.725 r  board_top_i/seven_seg_controller_0/U0/refresh_counter[16]_i_1/O
                         net (fo=18, routed)          0.945     8.670    board_top_i/seven_seg_controller_0/U0/refresh_counter[16]_i_1_n_0
    SLICE_X57Y13         FDRE                                         r  board_top_i/seven_seg_controller_0/U0/refresh_counter_reg[13]/R
  -------------------------------------------------------------------    -------------------

                         (clock sys_clk_pin rise edge)
                                                     10.000    10.000 r  
    W5                                                0.000    10.000 r  board_clk (IN)
                         net (fo=0)                   0.000    10.000    board_clk
    W5                   IBUF (Prop_ibuf_I_O)         1.388    11.388 r  board_clk_IBUF_inst/O
                         net (fo=1, routed)           1.862    13.250    board_clk_IBUF
    BUFGCTRL_X0Y1        BUFG (Prop_bufg_I_O)         0.091    13.341 r  board_clk_IBUF_BUFG_inst/O
                         net (fo=43, routed)          1.448    14.789    board_top_i/seven_seg_controller_0/U0/clk
    SLICE_X57Y13         FDRE                                         r  board_top_i/seven_seg_controller_0/U0/refresh_counter_reg[13]/C
                         clock pessimism              0.298    15.087    
                         clock uncertainty           -0.035    15.052    
    SLICE_X57Y13         FDRE (Setup_fdre_C_R)       -0.429    14.623    board_top_i/seven_seg_controller_0/U0/refresh_counter_reg[13]
  -------------------------------------------------------------------
                         required time                         14.623    
                         arrival time                          -8.670    
  -------------------------------------------------------------------
                         slack                                  5.953    

Slack (MET) :             5.953ns  (required time - arrival time)
  Source:                 board_top_i/seven_seg_controller_0/U0/refresh_counter_reg[14]/C
                            (rising edge-triggered cell FDRE clocked by sys_clk_pin  {rise@0.000ns fall@5.000ns period=10.000ns})
  Destination:            board_top_i/seven_seg_controller_0/U0/refresh_counter_reg[14]/R
                            (rising edge-triggered cell FDRE clocked by sys_clk_pin  {rise@0.000ns fall@5.000ns period=10.000ns})
  Path Group:             sys_clk_pin
  Path Type:              Setup (Max at Slow Process Corner)
  Requirement:            10.000ns  (sys_clk_pin rise@10.000ns - sys_clk_pin rise@0.000ns)
  Data Path Delay:        3.583ns  (logic 0.704ns (19.650%)  route 2.879ns (80.350%))
  Logic Levels:           2  (LUT4=1 LUT5=1)
  Clock Path Skew:        0.000ns (DCD - SCD + CPR)
    Destination Clock Delay (DCD):    4.789ns = ( 14.789 - 10.000 ) 
    Source Clock Delay      (SCD):    5.087ns
    Clock Pessimism Removal (CPR):    0.298ns
  Clock Uncertainty:      0.035ns  ((TSJ^2 + TIJ^2)^1/2 + DJ) / 2 + PE
    Total System Jitter     (TSJ):    0.071ns
    Total Input Jitter      (TIJ):    0.000ns
    Discrete Jitter          (DJ):    0.000ns
    Phase Error              (PE):    0.000ns

    Location             Delay type                Incr(ns)  Path(ns)    Netlist Resource(s)
  -------------------------------------------------------------------    -------------------
                         (clock sys_clk_pin rise edge)
                                                      0.000     0.000 r  
    W5                                                0.000     0.000 r  board_clk (IN)
                         net (fo=0)                   0.000     0.000    board_clk
    W5                   IBUF (Prop_ibuf_I_O)         1.458     1.458 r  board_clk_IBUF_inst/O
                         net (fo=1, routed)           1.967     3.425    board_clk_IBUF
    BUFGCTRL_X0Y1        BUFG (Prop_bufg_I_O)         0.096     3.521 r  board_clk_IBUF_BUFG_inst/O
                         net (fo=43, routed)          1.566     5.087    board_top_i/seven_seg_controller_0/U0/clk
    SLICE_X57Y13         FDRE                                         r  board_top_i/seven_seg_controller_0/U0/refresh_counter_reg[14]/C
  -------------------------------------------------------------------    -------------------
    SLICE_X57Y13         FDRE (Prop_fdre_C_Q)         0.456     5.543 f  board_top_i/seven_seg_controller_0/U0/refresh_counter_reg[14]/Q
                         net (fo=2, routed)           0.973     6.516    board_top_i/seven_seg_controller_0/U0/refresh_counter[14]
    SLICE_X55Y13         LUT4 (Prop_lut4_I0_O)        0.124     6.640 f  board_top_i/seven_seg_controller_0/U0/refresh_counter[0]_i_4/O
                         net (fo=2, routed)           0.960     7.601    board_top_i/seven_seg_controller_0/U0/refresh_counter[0]_i_4_n_0
    SLICE_X57Y9          LUT5 (Prop_lut5_I1_O)        0.124     7.725 r  board_top_i/seven_seg_controller_0/U0/refresh_counter[16]_i_1/O
                         net (fo=18, routed)          0.945     8.670    board_top_i/seven_seg_controller_0/U0/refresh_counter[16]_i_1_n_0
    SLICE_X57Y13         FDRE                                         r  board_top_i/seven_seg_controller_0/U0/refresh_counter_reg[14]/R
  -------------------------------------------------------------------    -------------------

                         (clock sys_clk_pin rise edge)
                                                     10.000    10.000 r  
    W5                                                0.000    10.000 r  board_clk (IN)
                         net (fo=0)                   0.000    10.000    board_clk
    W5                   IBUF (Prop_ibuf_I_O)         1.388    11.388 r  board_clk_IBUF_inst/O
                         net (fo=1, routed)           1.862    13.250    board_clk_IBUF
    BUFGCTRL_X0Y1        BUFG (Prop_bufg_I_O)         0.091    13.341 r  board_clk_IBUF_BUFG_inst/O
                         net (fo=43, routed)          1.448    14.789    board_top_i/seven_seg_controller_0/U0/clk
    SLICE_X57Y13         FDRE                                         r  board_top_i/seven_seg_controller_0/U0/refresh_counter_reg[14]/C
                         clock pessimism              0.298    15.087    
                         clock uncertainty           -0.035    15.052    
    SLICE_X57Y13         FDRE (Setup_fdre_C_R)       -0.429    14.623    board_top_i/seven_seg_controller_0/U0/refresh_counter_reg[14]
  -------------------------------------------------------------------
                         required time                         14.623    
                         arrival time                          -8.670    
  -------------------------------------------------------------------
                         slack                                  5.953    

Slack (MET) :             5.953ns  (required time - arrival time)
  Source:                 board_top_i/seven_seg_controller_0/U0/refresh_counter_reg[14]/C
                            (rising edge-triggered cell FDRE clocked by sys_clk_pin  {rise@0.000ns fall@5.000ns period=10.000ns})
  Destination:            board_top_i/seven_seg_controller_0/U0/refresh_counter_reg[15]/R
                            (rising edge-triggered cell FDRE clocked by sys_clk_pin  {rise@0.000ns fall@5.000ns period=10.000ns})
  Path Group:             sys_clk_pin
  Path Type:              Setup (Max at Slow Process Corner)
  Requirement:            10.000ns  (sys_clk_pin rise@10.000ns - sys_clk_pin rise@0.000ns)
  Data Path Delay:        3.583ns  (logic 0.704ns (19.650%)  route 2.879ns (80.350%))
  Logic Levels:           2  (LUT4=1 LUT5=1)
  Clock Path Skew:        0.000ns (DCD - SCD + CPR)
    Destination Clock Delay (DCD):    4.789ns = ( 14.789 - 10.000 ) 
    Source Clock Delay      (SCD):    5.087ns
    Clock Pessimism Removal (CPR):    0.298ns
  Clock Uncertainty:      0.035ns  ((TSJ^2 + TIJ^2)^1/2 + DJ) / 2 + PE
    Total System Jitter     (TSJ):    0.071ns
    Total Input Jitter      (TIJ):    0.000ns
    Discrete Jitter          (DJ):    0.000ns
    Phase Error              (PE):    0.000ns

    Location             Delay type                Incr(ns)  Path(ns)    Netlist Resource(s)
  -------------------------------------------------------------------    -------------------
                         (clock sys_clk_pin rise edge)
                                                      0.000     0.000 r  
    W5                                                0.000     0.000 r  board_clk (IN)
                         net (fo=0)                   0.000     0.000    board_clk
    W5                   IBUF (Prop_ibuf_I_O)         1.458     1.458 r  board_clk_IBUF_inst/O
                         net (fo=1, routed)           1.967     3.425    board_clk_IBUF
    BUFGCTRL_X0Y1        BUFG (Prop_bufg_I_O)         0.096     3.521 r  board_clk_IBUF_BUFG_inst/O
                         net (fo=43, routed)          1.566     5.087    board_top_i/seven_seg_controller_0/U0/clk
    SLICE_X57Y13         FDRE                                         r  board_top_i/seven_seg_controller_0/U0/refresh_counter_reg[14]/C
  -------------------------------------------------------------------    -------------------
    SLICE_X57Y13         FDRE (Prop_fdre_C_Q)         0.456     5.543 f  board_top_i/seven_seg_controller_0/U0/refresh_counter_reg[14]/Q
                         net (fo=2, routed)           0.973     6.516    board_top_i/seven_seg_controller_0/U0/refresh_counter[14]
    SLICE_X55Y13         LUT4 (Prop_lut4_I0_O)        0.124     6.640 f  board_top_i/seven_seg_controller_0/U0/refresh_counter[0]_i_4/O
                         net (fo=2, routed)           0.960     7.601    board_top_i/seven_seg_controller_0/U0/refresh_counter[0]_i_4_n_0
    SLICE_X57Y9          LUT5 (Prop_lut5_I1_O)        0.124     7.725 r  board_top_i/seven_seg_controller_0/U0/refresh_counter[16]_i_1/O
                         net (fo=18, routed)          0.945     8.670    board_top_i/seven_seg_controller_0/U0/refresh_counter[16]_i_1_n_0
    SLICE_X57Y13         FDRE                                         r  board_top_i/seven_seg_controller_0/U0/refresh_counter_reg[15]/R
  -------------------------------------------------------------------    -------------------

                         (clock sys_clk_pin rise edge)
                                                     10.000    10.000 r  
    W5                                                0.000    10.000 r  board_clk (IN)
                         net (fo=0)                   0.000    10.000    board_clk
    W5                   IBUF (Prop_ibuf_I_O)         1.388    11.388 r  board_clk_IBUF_inst/O
                         net (fo=1, routed)           1.862    13.250    board_clk_IBUF
    BUFGCTRL_X0Y1        BUFG (Prop_bufg_I_O)         0.091    13.341 r  board_clk_IBUF_BUFG_inst/O
                         net (fo=43, routed)          1.448    14.789    board_top_i/seven_seg_controller_0/U0/clk
    SLICE_X57Y13         FDRE                                         r  board_top_i/seven_seg_controller_0/U0/refresh_counter_reg[15]/C
                         clock pessimism              0.298    15.087    
                         clock uncertainty           -0.035    15.052    
    SLICE_X57Y13         FDRE (Setup_fdre_C_R)       -0.429    14.623    board_top_i/seven_seg_controller_0/U0/refresh_counter_reg[15]
  -------------------------------------------------------------------
                         required time                         14.623    
                         arrival time                          -8.670    
  -------------------------------------------------------------------
                         slack                                  5.953    

Slack (MET) :             5.953ns  (required time - arrival time)
  Source:                 board_top_i/seven_seg_controller_0/U0/refresh_counter_reg[14]/C
                            (rising edge-triggered cell FDRE clocked by sys_clk_pin  {rise@0.000ns fall@5.000ns period=10.000ns})
  Destination:            board_top_i/seven_seg_controller_0/U0/refresh_counter_reg[16]/R
                            (rising edge-triggered cell FDRE clocked by sys_clk_pin  {rise@0.000ns fall@5.000ns period=10.000ns})
  Path Group:             sys_clk_pin
  Path Type:              Setup (Max at Slow Process Corner)
  Requirement:            10.000ns  (sys_clk_pin rise@10.000ns - sys_clk_pin rise@0.000ns)
  Data Path Delay:        3.583ns  (logic 0.704ns (19.650%)  route 2.879ns (80.350%))
  Logic Levels:           2  (LUT4=1 LUT5=1)
  Clock Path Skew:        0.000ns (DCD - SCD + CPR)
    Destination Clock Delay (DCD):    4.789ns = ( 14.789 - 10.000 ) 
    Source Clock Delay      (SCD):    5.087ns
    Clock Pessimism Removal (CPR):    0.298ns
  Clock Uncertainty:      0.035ns  ((TSJ^2 + TIJ^2)^1/2 + DJ) / 2 + PE
    Total System Jitter     (TSJ):    0.071ns
    Total Input Jitter      (TIJ):    0.000ns
    Discrete Jitter          (DJ):    0.000ns
    Phase Error              (PE):    0.000ns

    Location             Delay type                Incr(ns)  Path(ns)    Netlist Resource(s)
  -------------------------------------------------------------------    -------------------
                         (clock sys_clk_pin rise edge)
                                                      0.000     0.000 r  
    W5                                                0.000     0.000 r  board_clk (IN)
                         net (fo=0)                   0.000     0.000    board_clk
    W5                   IBUF (Prop_ibuf_I_O)         1.458     1.458 r  board_clk_IBUF_inst/O
                         net (fo=1, routed)           1.967     3.425    board_clk_IBUF
    BUFGCTRL_X0Y1        BUFG (Prop_bufg_I_O)         0.096     3.521 r  board_clk_IBUF_BUFG_inst/O
                         net (fo=43, routed)          1.566     5.087    board_top_i/seven_seg_controller_0/U0/clk
    SLICE_X57Y13         FDRE                                         r  board_top_i/seven_seg_controller_0/U0/refresh_counter_reg[14]/C
  -------------------------------------------------------------------    -------------------
    SLICE_X57Y13         FDRE (Prop_fdre_C_Q)         0.456     5.543 f  board_top_i/seven_seg_controller_0/U0/refresh_counter_reg[14]/Q
                         net (fo=2, routed)           0.973     6.516    board_top_i/seven_seg_controller_0/U0/refresh_counter[14]
    SLICE_X55Y13         LUT4 (Prop_lut4_I0_O)        0.124     6.640 f  board_top_i/seven_seg_controller_0/U0/refresh_counter[0]_i_4/O
                         net (fo=2, routed)           0.960     7.601    board_top_i/seven_seg_controller_0/U0/refresh_counter[0]_i_4_n_0
    SLICE_X57Y9          LUT5 (Prop_lut5_I1_O)        0.124     7.725 r  board_top_i/seven_seg_controller_0/U0/refresh_counter[16]_i_1/O
                         net (fo=18, routed)          0.945     8.670    board_top_i/seven_seg_controller_0/U0/refresh_counter[16]_i_1_n_0
    SLICE_X57Y13         FDRE                                         r  board_top_i/seven_seg_controller_0/U0/refresh_counter_reg[16]/R
  -------------------------------------------------------------------    -------------------

                         (clock sys_clk_pin rise edge)
                                                     10.000    10.000 r  
    W5                                                0.000    10.000 r  board_clk (IN)
                         net (fo=0)                   0.000    10.000    board_clk
    W5                   IBUF (Prop_ibuf_I_O)         1.388    11.388 r  board_clk_IBUF_inst/O
                         net (fo=1, routed)           1.862    13.250    board_clk_IBUF
    BUFGCTRL_X0Y1        BUFG (Prop_bufg_I_O)         0.091    13.341 r  board_clk_IBUF_BUFG_inst/O
                         net (fo=43, routed)          1.448    14.789    board_top_i/seven_seg_controller_0/U0/clk
    SLICE_X57Y13         FDRE                                         r  board_top_i/seven_seg_controller_0/U0/refresh_counter_reg[16]/C
                         clock pessimism              0.298    15.087    
                         clock uncertainty           -0.035    15.052    
    SLICE_X57Y13         FDRE (Setup_fdre_C_R)       -0.429    14.623    board_top_i/seven_seg_controller_0/U0/refresh_counter_reg[16]
  -------------------------------------------------------------------
                         required time                         14.623    
                         arrival time                          -8.670    
  -------------------------------------------------------------------
                         slack                                  5.953    

Slack (MET) :             6.071ns  (required time - arrival time)
  Source:                 board_top_i/seven_seg_controller_0/U0/refresh_counter_reg[14]/C
                            (rising edge-triggered cell FDRE clocked by sys_clk_pin  {rise@0.000ns fall@5.000ns period=10.000ns})
  Destination:            board_top_i/seven_seg_controller_0/U0/refresh_counter_reg[10]/R
                            (rising edge-triggered cell FDRE clocked by sys_clk_pin  {rise@0.000ns fall@5.000ns period=10.000ns})
  Path Group:             sys_clk_pin
  Path Type:              Setup (Max at Slow Process Corner)
  Requirement:            10.000ns  (sys_clk_pin rise@10.000ns - sys_clk_pin rise@0.000ns)
  Data Path Delay:        3.441ns  (logic 0.704ns (20.460%)  route 2.737ns (79.540%))
  Logic Levels:           2  (LUT4=1 LUT5=1)
  Clock Path Skew:        -0.024ns (DCD - SCD + CPR)
    Destination Clock Delay (DCD):    4.790ns = ( 14.790 - 10.000 ) 
    Source Clock Delay      (SCD):    5.087ns
    Clock Pessimism Removal (CPR):    0.273ns
  Clock Uncertainty:      0.035ns  ((TSJ^2 + TIJ^2)^1/2 + DJ) / 2 + PE
    Total System Jitter     (TSJ):    0.071ns
    Total Input Jitter      (TIJ):    0.000ns
    Discrete Jitter          (DJ):    0.000ns
    Phase Error              (PE):    0.000ns

    Location             Delay type                Incr(ns)  Path(ns)    Netlist Resource(s)
  -------------------------------------------------------------------    -------------------
                         (clock sys_clk_pin rise edge)
                                                      0.000     0.000 r  
    W5                                                0.000     0.000 r  board_clk (IN)
                         net (fo=0)                   0.000     0.000    board_clk
    W5                   IBUF (Prop_ibuf_I_O)         1.458     1.458 r  board_clk_IBUF_inst/O
                         net (fo=1, routed)           1.967     3.425    board_clk_IBUF
    BUFGCTRL_X0Y1        BUFG (Prop_bufg_I_O)         0.096     3.521 r  board_clk_IBUF_BUFG_inst/O
                         net (fo=43, routed)          1.566     5.087    board_top_i/seven_seg_controller_0/U0/clk
    SLICE_X57Y13         FDRE                                         r  board_top_i/seven_seg_controller_0/U0/refresh_counter_reg[14]/C
  -------------------------------------------------------------------    -------------------
    SLICE_X57Y13         FDRE (Prop_fdre_C_Q)         0.456     5.543 f  board_top_i/seven_seg_controller_0/U0/refresh_counter_reg[14]/Q
                         net (fo=2, routed)           0.973     6.516    board_top_i/seven_seg_controller_0/U0/refresh_counter[14]
    SLICE_X55Y13         LUT4 (Prop_lut4_I0_O)        0.124     6.640 f  board_top_i/seven_seg_controller_0/U0/refresh_counter[0]_i_4/O
                         net (fo=2, routed)           0.960     7.601    board_top_i/seven_seg_controller_0/U0/refresh_counter[0]_i_4_n_0
    SLICE_X57Y9          LUT5 (Prop_lut5_I1_O)        0.124     7.725 r  board_top_i/seven_seg_controller_0/U0/refresh_counter[16]_i_1/O
                         net (fo=18, routed)          0.803     8.528    board_top_i/seven_seg_controller_0/U0/refresh_counter[16]_i_1_n_0
    SLICE_X57Y12         FDRE                                         r  board_top_i/seven_seg_controller_0/U0/refresh_counter_reg[10]/R
  -------------------------------------------------------------------    -------------------

                         (clock sys_clk_pin rise edge)
                                                     10.000    10.000 r  
    W5                                                0.000    10.000 r  board_clk (IN)
                         net (fo=0)                   0.000    10.000    board_clk
    W5                   IBUF (Prop_ibuf_I_O)         1.388    11.388 r  board_clk_IBUF_inst/O
                         net (fo=1, routed)           1.862    13.250    board_clk_IBUF
    BUFGCTRL_X0Y1        BUFG (Prop_bufg_I_O)         0.091    13.341 r  board_clk_IBUF_BUFG_inst/O
                         net (fo=43, routed)          1.449    14.790    board_top_i/seven_seg_controller_0/U0/clk
    SLICE_X57Y12         FDRE                                         r  board_top_i/seven_seg_controller_0/U0/refresh_counter_reg[10]/C
                         clock pessimism              0.273    15.063    
                         clock uncertainty           -0.035    15.028    
    SLICE_X57Y12         FDRE (Setup_fdre_C_R)       -0.429    14.599    board_top_i/seven_seg_controller_0/U0/refresh_counter_reg[10]
  -------------------------------------------------------------------
                         required time                         14.599    
                         arrival time                          -8.528    
  -------------------------------------------------------------------
                         slack                                  6.071    

Slack (MET) :             6.071ns  (required time - arrival time)
  Source:                 board_top_i/seven_seg_controller_0/U0/refresh_counter_reg[14]/C
                            (rising edge-triggered cell FDRE clocked by sys_clk_pin  {rise@0.000ns fall@5.000ns period=10.000ns})
  Destination:            board_top_i/seven_seg_controller_0/U0/refresh_counter_reg[11]/R
                            (rising edge-triggered cell FDRE clocked by sys_clk_pin  {rise@0.000ns fall@5.000ns period=10.000ns})
  Path Group:             sys_clk_pin
  Path Type:              Setup (Max at Slow Process Corner)
  Requirement:            10.000ns  (sys_clk_pin rise@10.000ns - sys_clk_pin rise@0.000ns)
  Data Path Delay:        3.441ns  (logic 0.704ns (20.460%)  route 2.737ns (79.540%))
  Logic Levels:           2  (LUT4=1 LUT5=1)
  Clock Path Skew:        -0.024ns (DCD - SCD + CPR)
    Destination Clock Delay (DCD):    4.790ns = ( 14.790 - 10.000 ) 
    Source Clock Delay      (SCD):    5.087ns
    Clock Pessimism Removal (CPR):    0.273ns
  Clock Uncertainty:      0.035ns  ((TSJ^2 + TIJ^2)^1/2 + DJ) / 2 + PE
    Total System Jitter     (TSJ):    0.071ns
    Total Input Jitter      (TIJ):    0.000ns
    Discrete Jitter          (DJ):    0.000ns
    Phase Error              (PE):    0.000ns

    Location             Delay type                Incr(ns)  Path(ns)    Netlist Resource(s)
  -------------------------------------------------------------------    -------------------
                         (clock sys_clk_pin rise edge)
                                                      0.000     0.000 r  
    W5                                                0.000     0.000 r  board_clk (IN)
                         net (fo=0)                   0.000     0.000    board_clk
    W5                   IBUF (Prop_ibuf_I_O)         1.458     1.458 r  board_clk_IBUF_inst/O
                         net (fo=1, routed)           1.967     3.425    board_clk_IBUF
    BUFGCTRL_X0Y1        BUFG (Prop_bufg_I_O)         0.096     3.521 r  board_clk_IBUF_BUFG_inst/O
                         net (fo=43, routed)          1.566     5.087    board_top_i/seven_seg_controller_0/U0/clk
    SLICE_X57Y13         FDRE                                         r  board_top_i/seven_seg_controller_0/U0/refresh_counter_reg[14]/C
  -------------------------------------------------------------------    -------------------
    SLICE_X57Y13         FDRE (Prop_fdre_C_Q)         0.456     5.543 f  board_top_i/seven_seg_controller_0/U0/refresh_counter_reg[14]/Q
                         net (fo=2, routed)           0.973     6.516    board_top_i/seven_seg_controller_0/U0/refresh_counter[14]
    SLICE_X55Y13         LUT4 (Prop_lut4_I0_O)        0.124     6.640 f  board_top_i/seven_seg_controller_0/U0/refresh_counter[0]_i_4/O
                         net (fo=2, routed)           0.960     7.601    board_top_i/seven_seg_controller_0/U0/refresh_counter[0]_i_4_n_0
    SLICE_X57Y9          LUT5 (Prop_lut5_I1_O)        0.124     7.725 r  board_top_i/seven_seg_controller_0/U0/refresh_counter[16]_i_1/O
                         net (fo=18, routed)          0.803     8.528    board_top_i/seven_seg_controller_0/U0/refresh_counter[16]_i_1_n_0
    SLICE_X57Y12         FDRE                                         r  board_top_i/seven_seg_controller_0/U0/refresh_counter_reg[11]/R
  -------------------------------------------------------------------    -------------------

                         (clock sys_clk_pin rise edge)
                                                     10.000    10.000 r  
    W5                                                0.000    10.000 r  board_clk (IN)
                         net (fo=0)                   0.000    10.000    board_clk
    W5                   IBUF (Prop_ibuf_I_O)         1.388    11.388 r  board_clk_IBUF_inst/O
                         net (fo=1, routed)           1.862    13.250    board_clk_IBUF
    BUFGCTRL_X0Y1        BUFG (Prop_bufg_I_O)         0.091    13.341 r  board_clk_IBUF_BUFG_inst/O
                         net (fo=43, routed)          1.449    14.790    board_top_i/seven_seg_controller_0/U0/clk
    SLICE_X57Y12         FDRE                                         r  board_top_i/seven_seg_controller_0/U0/refresh_counter_reg[11]/C
                         clock pessimism              0.273    15.063    
                         clock uncertainty           -0.035    15.028    
    SLICE_X57Y12         FDRE (Setup_fdre_C_R)       -0.429    14.599    board_top_i/seven_seg_controller_0/U0/refresh_counter_reg[11]
  -------------------------------------------------------------------
                         required time                         14.599    
                         arrival time                          -8.528    
  -------------------------------------------------------------------
                         slack                                  6.071    

Slack (MET) :             6.071ns  (required time - arrival time)
  Source:                 board_top_i/seven_seg_controller_0/U0/refresh_counter_reg[14]/C
                            (rising edge-triggered cell FDRE clocked by sys_clk_pin  {rise@0.000ns fall@5.000ns period=10.000ns})
  Destination:            board_top_i/seven_seg_controller_0/U0/refresh_counter_reg[12]/R
                            (rising edge-triggered cell FDRE clocked by sys_clk_pin  {rise@0.000ns fall@5.000ns period=10.000ns})
  Path Group:             sys_clk_pin
  Path Type:              Setup (Max at Slow Process Corner)
  Requirement:            10.000ns  (sys_clk_pin rise@10.000ns - sys_clk_pin rise@0.000ns)
  Data Path Delay:        3.441ns  (logic 0.704ns (20.460%)  route 2.737ns (79.540%))
  Logic Levels:           2  (LUT4=1 LUT5=1)
  Clock Path Skew:        -0.024ns (DCD - SCD + CPR)
    Destination Clock Delay (DCD):    4.790ns = ( 14.790 - 10.000 ) 
    Source Clock Delay      (SCD):    5.087ns
    Clock Pessimism Removal (CPR):    0.273ns
  Clock Uncertainty:      0.035ns  ((TSJ^2 + TIJ^2)^1/2 + DJ) / 2 + PE
    Total System Jitter     (TSJ):    0.071ns
    Total Input Jitter      (TIJ):    0.000ns
    Discrete Jitter          (DJ):    0.000ns
    Phase Error              (PE):    0.000ns

    Location             Delay type                Incr(ns)  Path(ns)    Netlist Resource(s)
  -------------------------------------------------------------------    -------------------
                         (clock sys_clk_pin rise edge)
                                                      0.000     0.000 r  
    W5                                                0.000     0.000 r  board_clk (IN)
                         net (fo=0)                   0.000     0.000    board_clk
    W5                   IBUF (Prop_ibuf_I_O)         1.458     1.458 r  board_clk_IBUF_inst/O
                         net (fo=1, routed)           1.967     3.425    board_clk_IBUF
    BUFGCTRL_X0Y1        BUFG (Prop_bufg_I_O)         0.096     3.521 r  board_clk_IBUF_BUFG_inst/O
                         net (fo=43, routed)          1.566     5.087    board_top_i/seven_seg_controller_0/U0/clk
    SLICE_X57Y13         FDRE                                         r  board_top_i/seven_seg_controller_0/U0/refresh_counter_reg[14]/C
  -------------------------------------------------------------------    -------------------
    SLICE_X57Y13         FDRE (Prop_fdre_C_Q)         0.456     5.543 f  board_top_i/seven_seg_controller_0/U0/refresh_counter_reg[14]/Q
                         net (fo=2, routed)           0.973     6.516    board_top_i/seven_seg_controller_0/U0/refresh_counter[14]
    SLICE_X55Y13         LUT4 (Prop_lut4_I0_O)        0.124     6.640 f  board_top_i/seven_seg_controller_0/U0/refresh_counter[0]_i_4/O
                         net (fo=2, routed)           0.960     7.601    board_top_i/seven_seg_controller_0/U0/refresh_counter[0]_i_4_n_0
    SLICE_X57Y9          LUT5 (Prop_lut5_I1_O)        0.124     7.725 r  board_top_i/seven_seg_controller_0/U0/refresh_counter[16]_i_1/O
                         net (fo=18, routed)          0.803     8.528    board_top_i/seven_seg_controller_0/U0/refresh_counter[16]_i_1_n_0
    SLICE_X57Y12         FDRE                                         r  board_top_i/seven_seg_controller_0/U0/refresh_counter_reg[12]/R
  -------------------------------------------------------------------    -------------------

                         (clock sys_clk_pin rise edge)
                                                     10.000    10.000 r  
    W5                                                0.000    10.000 r  board_clk (IN)
                         net (fo=0)                   0.000    10.000    board_clk
    W5                   IBUF (Prop_ibuf_I_O)         1.388    11.388 r  board_clk_IBUF_inst/O
                         net (fo=1, routed)           1.862    13.250    board_clk_IBUF
    BUFGCTRL_X0Y1        BUFG (Prop_bufg_I_O)         0.091    13.341 r  board_clk_IBUF_BUFG_inst/O
                         net (fo=43, routed)          1.449    14.790    board_top_i/seven_seg_controller_0/U0/clk
    SLICE_X57Y12         FDRE                                         r  board_top_i/seven_seg_controller_0/U0/refresh_counter_reg[12]/C
                         clock pessimism              0.273    15.063    
                         clock uncertainty           -0.035    15.028    
    SLICE_X57Y12         FDRE (Setup_fdre_C_R)       -0.429    14.599    board_top_i/seven_seg_controller_0/U0/refresh_counter_reg[12]
  -------------------------------------------------------------------
                         required time                         14.599    
                         arrival time                          -8.528    
  -------------------------------------------------------------------
                         slack                                  6.071    

Slack (MET) :             6.071ns  (required time - arrival time)
  Source:                 board_top_i/seven_seg_controller_0/U0/refresh_counter_reg[14]/C
                            (rising edge-triggered cell FDRE clocked by sys_clk_pin  {rise@0.000ns fall@5.000ns period=10.000ns})
  Destination:            board_top_i/seven_seg_controller_0/U0/refresh_counter_reg[9]/R
                            (rising edge-triggered cell FDRE clocked by sys_clk_pin  {rise@0.000ns fall@5.000ns period=10.000ns})
  Path Group:             sys_clk_pin
  Path Type:              Setup (Max at Slow Process Corner)
  Requirement:            10.000ns  (sys_clk_pin rise@10.000ns - sys_clk_pin rise@0.000ns)
  Data Path Delay:        3.441ns  (logic 0.704ns (20.460%)  route 2.737ns (79.540%))
  Logic Levels:           2  (LUT4=1 LUT5=1)
  Clock Path Skew:        -0.024ns (DCD - SCD + CPR)
    Destination Clock Delay (DCD):    4.790ns = ( 14.790 - 10.000 ) 
    Source Clock Delay      (SCD):    5.087ns
    Clock Pessimism Removal (CPR):    0.273ns
  Clock Uncertainty:      0.035ns  ((TSJ^2 + TIJ^2)^1/2 + DJ) / 2 + PE
    Total System Jitter     (TSJ):    0.071ns
    Total Input Jitter      (TIJ):    0.000ns
    Discrete Jitter          (DJ):    0.000ns
    Phase Error              (PE):    0.000ns

    Location             Delay type                Incr(ns)  Path(ns)    Netlist Resource(s)
  -------------------------------------------------------------------    -------------------
                         (clock sys_clk_pin rise edge)
                                                      0.000     0.000 r  
    W5                                                0.000     0.000 r  board_clk (IN)
                         net (fo=0)                   0.000     0.000    board_clk
    W5                   IBUF (Prop_ibuf_I_O)         1.458     1.458 r  board_clk_IBUF_inst/O
                         net (fo=1, routed)           1.967     3.425    board_clk_IBUF
    BUFGCTRL_X0Y1        BUFG (Prop_bufg_I_O)         0.096     3.521 r  board_clk_IBUF_BUFG_inst/O
                         net (fo=43, routed)          1.566     5.087    board_top_i/seven_seg_controller_0/U0/clk
    SLICE_X57Y13         FDRE                                         r  board_top_i/seven_seg_controller_0/U0/refresh_counter_reg[14]/C
  -------------------------------------------------------------------    -------------------
    SLICE_X57Y13         FDRE (Prop_fdre_C_Q)         0.456     5.543 f  board_top_i/seven_seg_controller_0/U0/refresh_counter_reg[14]/Q
                         net (fo=2, routed)           0.973     6.516    board_top_i/seven_seg_controller_0/U0/refresh_counter[14]
    SLICE_X55Y13         LUT4 (Prop_lut4_I0_O)        0.124     6.640 f  board_top_i/seven_seg_controller_0/U0/refresh_counter[0]_i_4/O
                         net (fo=2, routed)           0.960     7.601    board_top_i/seven_seg_controller_0/U0/refresh_counter[0]_i_4_n_0
    SLICE_X57Y9          LUT5 (Prop_lut5_I1_O)        0.124     7.725 r  board_top_i/seven_seg_controller_0/U0/refresh_counter[16]_i_1/O
                         net (fo=18, routed)          0.803     8.528    board_top_i/seven_seg_controller_0/U0/refresh_counter[16]_i_1_n_0
    SLICE_X57Y12         FDRE                                         r  board_top_i/seven_seg_controller_0/U0/refresh_counter_reg[9]/R
  -------------------------------------------------------------------    -------------------

                         (clock sys_clk_pin rise edge)
                                                     10.000    10.000 r  
    W5                                                0.000    10.000 r  board_clk (IN)
                         net (fo=0)                   0.000    10.000    board_clk
    W5                   IBUF (Prop_ibuf_I_O)         1.388    11.388 r  board_clk_IBUF_inst/O
                         net (fo=1, routed)           1.862    13.250    board_clk_IBUF
    BUFGCTRL_X0Y1        BUFG (Prop_bufg_I_O)         0.091    13.341 r  board_clk_IBUF_BUFG_inst/O
                         net (fo=43, routed)          1.449    14.790    board_top_i/seven_seg_controller_0/U0/clk
    SLICE_X57Y12         FDRE                                         r  board_top_i/seven_seg_controller_0/U0/refresh_counter_reg[9]/C
                         clock pessimism              0.273    15.063    
                         clock uncertainty           -0.035    15.028    
    SLICE_X57Y12         FDRE (Setup_fdre_C_R)       -0.429    14.599    board_top_i/seven_seg_controller_0/U0/refresh_counter_reg[9]
  -------------------------------------------------------------------
                         required time                         14.599    
                         arrival time                          -8.528    
  -------------------------------------------------------------------
                         slack                                  6.071    





Min Delay Paths
--------------------------------------------------------------------------------------
Slack (MET) :             0.264ns  (arrival time - required time)
  Source:                 board_top_i/seven_seg_controller_0/U0/refresh_counter_reg[16]/C
                            (rising edge-triggered cell FDRE clocked by sys_clk_pin  {rise@0.000ns fall@5.000ns period=10.000ns})
  Destination:            board_top_i/seven_seg_controller_0/U0/refresh_counter_reg[16]/D
                            (rising edge-triggered cell FDRE clocked by sys_clk_pin  {rise@0.000ns fall@5.000ns period=10.000ns})
  Path Group:             sys_clk_pin
  Path Type:              Hold (Min at Fast Process Corner)
  Requirement:            0.000ns  (sys_clk_pin rise@0.000ns - sys_clk_pin rise@0.000ns)
  Data Path Delay:        0.369ns  (logic 0.249ns (67.424%)  route 0.120ns (32.576%))
  Logic Levels:           1  (CARRY4=1)
  Clock Path Skew:        0.000ns (DCD - SCD - CPR)
    Destination Clock Delay (DCD):    1.959ns
    Source Clock Delay      (SCD):    1.447ns
    Clock Pessimism Removal (CPR):    0.512ns

    Location             Delay type                Incr(ns)  Path(ns)    Netlist Resource(s)
  -------------------------------------------------------------------    -------------------
                         (clock sys_clk_pin rise edge)
                                                      0.000     0.000 r  
    W5                                                0.000     0.000 r  board_clk (IN)
                         net (fo=0)                   0.000     0.000    board_clk
    W5                   IBUF (Prop_ibuf_I_O)         0.226     0.226 r  board_clk_IBUF_inst/O
                         net (fo=1, routed)           0.631     0.858    board_clk_IBUF
    BUFGCTRL_X0Y1        BUFG (Prop_bufg_I_O)         0.026     0.884 r  board_clk_IBUF_BUFG_inst/O
                         net (fo=43, routed)          0.564     1.447    board_top_i/seven_seg_controller_0/U0/clk
    SLICE_X57Y13         FDRE                                         r  board_top_i/seven_seg_controller_0/U0/refresh_counter_reg[16]/C
  -------------------------------------------------------------------    -------------------
    SLICE_X57Y13         FDRE (Prop_fdre_C_Q)         0.141     1.588 r  board_top_i/seven_seg_controller_0/U0/refresh_counter_reg[16]/Q
                         net (fo=2, routed)           0.120     1.708    board_top_i/seven_seg_controller_0/U0/refresh_counter[16]
    SLICE_X57Y13         CARRY4 (Prop_carry4_S[3]_O[3])
                                                      0.108     1.816 r  board_top_i/seven_seg_controller_0/U0/refresh_counter0_carry__2/O[3]
                         net (fo=1, routed)           0.000     1.816    board_top_i/seven_seg_controller_0/U0/data0[16]
    SLICE_X57Y13         FDRE                                         r  board_top_i/seven_seg_controller_0/U0/refresh_counter_reg[16]/D
  -------------------------------------------------------------------    -------------------

                         (clock sys_clk_pin rise edge)
                                                      0.000     0.000 r  
    W5                                                0.000     0.000 r  board_clk (IN)
                         net (fo=0)                   0.000     0.000    board_clk
    W5                   IBUF (Prop_ibuf_I_O)         0.414     0.414 r  board_clk_IBUF_inst/O
                         net (fo=1, routed)           0.685     1.099    board_clk_IBUF
    BUFGCTRL_X0Y1        BUFG (Prop_bufg_I_O)         0.029     1.128 r  board_clk_IBUF_BUFG_inst/O
                         net (fo=43, routed)          0.832     1.959    board_top_i/seven_seg_controller_0/U0/clk
    SLICE_X57Y13         FDRE                                         r  board_top_i/seven_seg_controller_0/U0/refresh_counter_reg[16]/C
                         clock pessimism             -0.512     1.447    
    SLICE_X57Y13         FDRE (Hold_fdre_C_D)         0.105     1.552    board_top_i/seven_seg_controller_0/U0/refresh_counter_reg[16]
  -------------------------------------------------------------------
                         required time                         -1.552    
                         arrival time                           1.816    
  -------------------------------------------------------------------
                         slack                                  0.264    

Slack (MET) :             0.264ns  (arrival time - required time)
  Source:                 board_top_i/seven_seg_controller_0/U0/refresh_counter_reg[4]/C
                            (rising edge-triggered cell FDRE clocked by sys_clk_pin  {rise@0.000ns fall@5.000ns period=10.000ns})
  Destination:            board_top_i/seven_seg_controller_0/U0/refresh_counter_reg[4]/D
                            (rising edge-triggered cell FDRE clocked by sys_clk_pin  {rise@0.000ns fall@5.000ns period=10.000ns})
  Path Group:             sys_clk_pin
  Path Type:              Hold (Min at Fast Process Corner)
  Requirement:            0.000ns  (sys_clk_pin rise@0.000ns - sys_clk_pin rise@0.000ns)
  Data Path Delay:        0.369ns  (logic 0.249ns (67.424%)  route 0.120ns (32.576%))
  Logic Levels:           1  (CARRY4=1)
  Clock Path Skew:        0.000ns (DCD - SCD - CPR)
    Destination Clock Delay (DCD):    1.962ns
    Source Clock Delay      (SCD):    1.449ns
    Clock Pessimism Removal (CPR):    0.513ns

    Location             Delay type                Incr(ns)  Path(ns)    Netlist Resource(s)
  -------------------------------------------------------------------    -------------------
                         (clock sys_clk_pin rise edge)
                                                      0.000     0.000 r  
    W5                                                0.000     0.000 r  board_clk (IN)
                         net (fo=0)                   0.000     0.000    board_clk
    W5                   IBUF (Prop_ibuf_I_O)         0.226     0.226 r  board_clk_IBUF_inst/O
                         net (fo=1, routed)           0.631     0.858    board_clk_IBUF
    BUFGCTRL_X0Y1        BUFG (Prop_bufg_I_O)         0.026     0.884 r  board_clk_IBUF_BUFG_inst/O
                         net (fo=43, routed)          0.566     1.449    board_top_i/seven_seg_controller_0/U0/clk
    SLICE_X57Y10         FDRE                                         r  board_top_i/seven_seg_controller_0/U0/refresh_counter_reg[4]/C
  -------------------------------------------------------------------    -------------------
    SLICE_X57Y10         FDRE (Prop_fdre_C_Q)         0.141     1.590 r  board_top_i/seven_seg_controller_0/U0/refresh_counter_reg[4]/Q
                         net (fo=2, routed)           0.120     1.710    board_top_i/seven_seg_controller_0/U0/refresh_counter[4]
    SLICE_X57Y10         CARRY4 (Prop_carry4_S[3]_O[3])
                                                      0.108     1.818 r  board_top_i/seven_seg_controller_0/U0/refresh_counter0_carry/O[3]
                         net (fo=1, routed)           0.000     1.818    board_top_i/seven_seg_controller_0/U0/data0[4]
    SLICE_X57Y10         FDRE                                         r  board_top_i/seven_seg_controller_0/U0/refresh_counter_reg[4]/D
  -------------------------------------------------------------------    -------------------

                         (clock sys_clk_pin rise edge)
                                                      0.000     0.000 r  
    W5                                                0.000     0.000 r  board_clk (IN)
                         net (fo=0)                   0.000     0.000    board_clk
    W5                   IBUF (Prop_ibuf_I_O)         0.414     0.414 r  board_clk_IBUF_inst/O
                         net (fo=1, routed)           0.685     1.099    board_clk_IBUF
    BUFGCTRL_X0Y1        BUFG (Prop_bufg_I_O)         0.029     1.128 r  board_clk_IBUF_BUFG_inst/O
                         net (fo=43, routed)          0.835     1.962    board_top_i/seven_seg_controller_0/U0/clk
    SLICE_X57Y10         FDRE                                         r  board_top_i/seven_seg_controller_0/U0/refresh_counter_reg[4]/C
                         clock pessimism             -0.513     1.449    
    SLICE_X57Y10         FDRE (Hold_fdre_C_D)         0.105     1.554    board_top_i/seven_seg_controller_0/U0/refresh_counter_reg[4]
  -------------------------------------------------------------------
                         required time                         -1.554    
                         arrival time                           1.818    
  -------------------------------------------------------------------
                         slack                                  0.264    

Slack (MET) :             0.264ns  (arrival time - required time)
  Source:                 board_top_i/seven_seg_controller_0/U0/refresh_counter_reg[12]/C
                            (rising edge-triggered cell FDRE clocked by sys_clk_pin  {rise@0.000ns fall@5.000ns period=10.000ns})
  Destination:            board_top_i/seven_seg_controller_0/U0/refresh_counter_reg[12]/D
                            (rising edge-triggered cell FDRE clocked by sys_clk_pin  {rise@0.000ns fall@5.000ns period=10.000ns})
  Path Group:             sys_clk_pin
  Path Type:              Hold (Min at Fast Process Corner)
  Requirement:            0.000ns  (sys_clk_pin rise@0.000ns - sys_clk_pin rise@0.000ns)
  Data Path Delay:        0.369ns  (logic 0.249ns (67.412%)  route 0.120ns (32.588%))
  Logic Levels:           1  (CARRY4=1)
  Clock Path Skew:        0.000ns (DCD - SCD - CPR)
    Destination Clock Delay (DCD):    1.960ns
    Source Clock Delay      (SCD):    1.448ns
    Clock Pessimism Removal (CPR):    0.512ns

    Location             Delay type                Incr(ns)  Path(ns)    Netlist Resource(s)
  -------------------------------------------------------------------    -------------------
                         (clock sys_clk_pin rise edge)
                                                      0.000     0.000 r  
    W5                                                0.000     0.000 r  board_clk (IN)
                         net (fo=0)                   0.000     0.000    board_clk
    W5                   IBUF (Prop_ibuf_I_O)         0.226     0.226 r  board_clk_IBUF_inst/O
                         net (fo=1, routed)           0.631     0.858    board_clk_IBUF
    BUFGCTRL_X0Y1        BUFG (Prop_bufg_I_O)         0.026     0.884 r  board_clk_IBUF_BUFG_inst/O
                         net (fo=43, routed)          0.565     1.448    board_top_i/seven_seg_controller_0/U0/clk
    SLICE_X57Y12         FDRE                                         r  board_top_i/seven_seg_controller_0/U0/refresh_counter_reg[12]/C
  -------------------------------------------------------------------    -------------------
    SLICE_X57Y12         FDRE (Prop_fdre_C_Q)         0.141     1.589 r  board_top_i/seven_seg_controller_0/U0/refresh_counter_reg[12]/Q
                         net (fo=2, routed)           0.120     1.709    board_top_i/seven_seg_controller_0/U0/refresh_counter[12]
    SLICE_X57Y12         CARRY4 (Prop_carry4_S[3]_O[3])
                                                      0.108     1.817 r  board_top_i/seven_seg_controller_0/U0/refresh_counter0_carry__1/O[3]
                         net (fo=1, routed)           0.000     1.817    board_top_i/seven_seg_controller_0/U0/data0[12]
    SLICE_X57Y12         FDRE                                         r  board_top_i/seven_seg_controller_0/U0/refresh_counter_reg[12]/D
  -------------------------------------------------------------------    -------------------

                         (clock sys_clk_pin rise edge)
                                                      0.000     0.000 r  
    W5                                                0.000     0.000 r  board_clk (IN)
                         net (fo=0)                   0.000     0.000    board_clk
    W5                   IBUF (Prop_ibuf_I_O)         0.414     0.414 r  board_clk_IBUF_inst/O
                         net (fo=1, routed)           0.685     1.099    board_clk_IBUF
    BUFGCTRL_X0Y1        BUFG (Prop_bufg_I_O)         0.029     1.128 r  board_clk_IBUF_BUFG_inst/O
                         net (fo=43, routed)          0.833     1.960    board_top_i/seven_seg_controller_0/U0/clk
    SLICE_X57Y12         FDRE                                         r  board_top_i/seven_seg_controller_0/U0/refresh_counter_reg[12]/C
                         clock pessimism             -0.512     1.448    
    SLICE_X57Y12         FDRE (Hold_fdre_C_D)         0.105     1.553    board_top_i/seven_seg_controller_0/U0/refresh_counter_reg[12]
  -------------------------------------------------------------------
                         required time                         -1.553    
                         arrival time                           1.817    
  -------------------------------------------------------------------
                         slack                                  0.264    

Slack (MET) :             0.264ns  (arrival time - required time)
  Source:                 board_top_i/seven_seg_controller_0/U0/refresh_counter_reg[8]/C
                            (rising edge-triggered cell FDRE clocked by sys_clk_pin  {rise@0.000ns fall@5.000ns period=10.000ns})
  Destination:            board_top_i/seven_seg_controller_0/U0/refresh_counter_reg[8]/D
                            (rising edge-triggered cell FDRE clocked by sys_clk_pin  {rise@0.000ns fall@5.000ns period=10.000ns})
  Path Group:             sys_clk_pin
  Path Type:              Hold (Min at Fast Process Corner)
  Requirement:            0.000ns  (sys_clk_pin rise@0.000ns - sys_clk_pin rise@0.000ns)
  Data Path Delay:        0.369ns  (logic 0.249ns (67.412%)  route 0.120ns (32.588%))
  Logic Levels:           1  (CARRY4=1)
  Clock Path Skew:        0.000ns (DCD - SCD - CPR)
    Destination Clock Delay (DCD):    1.962ns
    Source Clock Delay      (SCD):    1.449ns
    Clock Pessimism Removal (CPR):    0.513ns

    Location             Delay type                Incr(ns)  Path(ns)    Netlist Resource(s)
  -------------------------------------------------------------------    -------------------
                         (clock sys_clk_pin rise edge)
                                                      0.000     0.000 r  
    W5                                                0.000     0.000 r  board_clk (IN)
                         net (fo=0)                   0.000     0.000    board_clk
    W5                   IBUF (Prop_ibuf_I_O)         0.226     0.226 r  board_clk_IBUF_inst/O
                         net (fo=1, routed)           0.631     0.858    board_clk_IBUF
    BUFGCTRL_X0Y1        BUFG (Prop_bufg_I_O)         0.026     0.884 r  board_clk_IBUF_BUFG_inst/O
                         net (fo=43, routed)          0.566     1.449    board_top_i/seven_seg_controller_0/U0/clk
    SLICE_X57Y11         FDRE                                         r  board_top_i/seven_seg_controller_0/U0/refresh_counter_reg[8]/C
  -------------------------------------------------------------------    -------------------
    SLICE_X57Y11         FDRE (Prop_fdre_C_Q)         0.141     1.590 r  board_top_i/seven_seg_controller_0/U0/refresh_counter_reg[8]/Q
                         net (fo=2, routed)           0.120     1.710    board_top_i/seven_seg_controller_0/U0/refresh_counter[8]
    SLICE_X57Y11         CARRY4 (Prop_carry4_S[3]_O[3])
                                                      0.108     1.818 r  board_top_i/seven_seg_controller_0/U0/refresh_counter0_carry__0/O[3]
                         net (fo=1, routed)           0.000     1.818    board_top_i/seven_seg_controller_0/U0/data0[8]
    SLICE_X57Y11         FDRE                                         r  board_top_i/seven_seg_controller_0/U0/refresh_counter_reg[8]/D
  -------------------------------------------------------------------    -------------------

                         (clock sys_clk_pin rise edge)
                                                      0.000     0.000 r  
    W5                                                0.000     0.000 r  board_clk (IN)
                         net (fo=0)                   0.000     0.000    board_clk
    W5                   IBUF (Prop_ibuf_I_O)         0.414     0.414 r  board_clk_IBUF_inst/O
                         net (fo=1, routed)           0.685     1.099    board_clk_IBUF
    BUFGCTRL_X0Y1        BUFG (Prop_bufg_I_O)         0.029     1.128 r  board_clk_IBUF_BUFG_inst/O
                         net (fo=43, routed)          0.835     1.962    board_top_i/seven_seg_controller_0/U0/clk
    SLICE_X57Y11         FDRE                                         r  board_top_i/seven_seg_controller_0/U0/refresh_counter_reg[8]/C
                         clock pessimism             -0.513     1.449    
    SLICE_X57Y11         FDRE (Hold_fdre_C_D)         0.105     1.554    board_top_i/seven_seg_controller_0/U0/refresh_counter_reg[8]
  -------------------------------------------------------------------
                         required time                         -1.554    
                         arrival time                           1.818    
  -------------------------------------------------------------------
                         slack                                  0.264    

Slack (MET) :             0.268ns  (arrival time - required time)
  Source:                 board_top_i/seven_seg_controller_0/U0/refresh_counter_reg[13]/C
                            (rising edge-triggered cell FDRE clocked by sys_clk_pin  {rise@0.000ns fall@5.000ns period=10.000ns})
  Destination:            board_top_i/seven_seg_controller_0/U0/refresh_counter_reg[13]/D
                            (rising edge-triggered cell FDRE clocked by sys_clk_pin  {rise@0.000ns fall@5.000ns period=10.000ns})
  Path Group:             sys_clk_pin
  Path Type:              Hold (Min at Fast Process Corner)
  Requirement:            0.000ns  (sys_clk_pin rise@0.000ns - sys_clk_pin rise@0.000ns)
  Data Path Delay:        0.373ns  (logic 0.256ns (68.576%)  route 0.117ns (31.424%))
  Logic Levels:           1  (CARRY4=1)
  Clock Path Skew:        0.000ns (DCD - SCD - CPR)
    Destination Clock Delay (DCD):    1.959ns
    Source Clock Delay      (SCD):    1.447ns
    Clock Pessimism Removal (CPR):    0.512ns

    Location             Delay type                Incr(ns)  Path(ns)    Netlist Resource(s)
  -------------------------------------------------------------------    -------------------
                         (clock sys_clk_pin rise edge)
                                                      0.000     0.000 r  
    W5                                                0.000     0.000 r  board_clk (IN)
                         net (fo=0)                   0.000     0.000    board_clk
    W5                   IBUF (Prop_ibuf_I_O)         0.226     0.226 r  board_clk_IBUF_inst/O
                         net (fo=1, routed)           0.631     0.858    board_clk_IBUF
    BUFGCTRL_X0Y1        BUFG (Prop_bufg_I_O)         0.026     0.884 r  board_clk_IBUF_BUFG_inst/O
                         net (fo=43, routed)          0.564     1.447    board_top_i/seven_seg_controller_0/U0/clk
    SLICE_X57Y13         FDRE                                         r  board_top_i/seven_seg_controller_0/U0/refresh_counter_reg[13]/C
  -------------------------------------------------------------------    -------------------
    SLICE_X57Y13         FDRE (Prop_fdre_C_Q)         0.141     1.588 r  board_top_i/seven_seg_controller_0/U0/refresh_counter_reg[13]/Q
                         net (fo=2, routed)           0.117     1.705    board_top_i/seven_seg_controller_0/U0/refresh_counter[13]
    SLICE_X57Y13         CARRY4 (Prop_carry4_S[0]_O[0])
                                                      0.115     1.820 r  board_top_i/seven_seg_controller_0/U0/refresh_counter0_carry__2/O[0]
                         net (fo=1, routed)           0.000     1.820    board_top_i/seven_seg_controller_0/U0/data0[13]
    SLICE_X57Y13         FDRE                                         r  board_top_i/seven_seg_controller_0/U0/refresh_counter_reg[13]/D
  -------------------------------------------------------------------    -------------------

                         (clock sys_clk_pin rise edge)
                                                      0.000     0.000 r  
    W5                                                0.000     0.000 r  board_clk (IN)
                         net (fo=0)                   0.000     0.000    board_clk
    W5                   IBUF (Prop_ibuf_I_O)         0.414     0.414 r  board_clk_IBUF_inst/O
                         net (fo=1, routed)           0.685     1.099    board_clk_IBUF
    BUFGCTRL_X0Y1        BUFG (Prop_bufg_I_O)         0.029     1.128 r  board_clk_IBUF_BUFG_inst/O
                         net (fo=43, routed)          0.832     1.959    board_top_i/seven_seg_controller_0/U0/clk
    SLICE_X57Y13         FDRE                                         r  board_top_i/seven_seg_controller_0/U0/refresh_counter_reg[13]/C
                         clock pessimism             -0.512     1.447    
    SLICE_X57Y13         FDRE (Hold_fdre_C_D)         0.105     1.552    board_top_i/seven_seg_controller_0/U0/refresh_counter_reg[13]
  -------------------------------------------------------------------
                         required time                         -1.552    
                         arrival time                           1.820    
  -------------------------------------------------------------------
                         slack                                  0.268    

Slack (MET) :             0.268ns  (arrival time - required time)
  Source:                 board_top_i/seven_seg_controller_0/U0/refresh_counter_reg[9]/C
                            (rising edge-triggered cell FDRE clocked by sys_clk_pin  {rise@0.000ns fall@5.000ns period=10.000ns})
  Destination:            board_top_i/seven_seg_controller_0/U0/refresh_counter_reg[9]/D
                            (rising edge-triggered cell FDRE clocked by sys_clk_pin  {rise@0.000ns fall@5.000ns period=10.000ns})
  Path Group:             sys_clk_pin
  Path Type:              Hold (Min at Fast Process Corner)
  Requirement:            0.000ns  (sys_clk_pin rise@0.000ns - sys_clk_pin rise@0.000ns)
  Data Path Delay:        0.373ns  (logic 0.256ns (68.565%)  route 0.117ns (31.435%))
  Logic Levels:           1  (CARRY4=1)
  Clock Path Skew:        0.000ns (DCD - SCD - CPR)
    Destination Clock Delay (DCD):    1.960ns
    Source Clock Delay      (SCD):    1.448ns
    Clock Pessimism Removal (CPR):    0.512ns

    Location             Delay type                Incr(ns)  Path(ns)    Netlist Resource(s)
  -------------------------------------------------------------------    -------------------
                         (clock sys_clk_pin rise edge)
                                                      0.000     0.000 r  
    W5                                                0.000     0.000 r  board_clk (IN)
                         net (fo=0)                   0.000     0.000    board_clk
    W5                   IBUF (Prop_ibuf_I_O)         0.226     0.226 r  board_clk_IBUF_inst/O
                         net (fo=1, routed)           0.631     0.858    board_clk_IBUF
    BUFGCTRL_X0Y1        BUFG (Prop_bufg_I_O)         0.026     0.884 r  board_clk_IBUF_BUFG_inst/O
                         net (fo=43, routed)          0.565     1.448    board_top_i/seven_seg_controller_0/U0/clk
    SLICE_X57Y12         FDRE                                         r  board_top_i/seven_seg_controller_0/U0/refresh_counter_reg[9]/C
  -------------------------------------------------------------------    -------------------
    SLICE_X57Y12         FDRE (Prop_fdre_C_Q)         0.141     1.589 r  board_top_i/seven_seg_controller_0/U0/refresh_counter_reg[9]/Q
                         net (fo=2, routed)           0.117     1.706    board_top_i/seven_seg_controller_0/U0/refresh_counter[9]
    SLICE_X57Y12         CARRY4 (Prop_carry4_S[0]_O[0])
                                                      0.115     1.821 r  board_top_i/seven_seg_controller_0/U0/refresh_counter0_carry__1/O[0]
                         net (fo=1, routed)           0.000     1.821    board_top_i/seven_seg_controller_0/U0/data0[9]
    SLICE_X57Y12         FDRE                                         r  board_top_i/seven_seg_controller_0/U0/refresh_counter_reg[9]/D
  -------------------------------------------------------------------    -------------------

                         (clock sys_clk_pin rise edge)
                                                      0.000     0.000 r  
    W5                                                0.000     0.000 r  board_clk (IN)
                         net (fo=0)                   0.000     0.000    board_clk
    W5                   IBUF (Prop_ibuf_I_O)         0.414     0.414 r  board_clk_IBUF_inst/O
                         net (fo=1, routed)           0.685     1.099    board_clk_IBUF
    BUFGCTRL_X0Y1        BUFG (Prop_bufg_I_O)         0.029     1.128 r  board_clk_IBUF_BUFG_inst/O
                         net (fo=43, routed)          0.833     1.960    board_top_i/seven_seg_controller_0/U0/clk
    SLICE_X57Y12         FDRE                                         r  board_top_i/seven_seg_controller_0/U0/refresh_counter_reg[9]/C
                         clock pessimism             -0.512     1.448    
    SLICE_X57Y12         FDRE (Hold_fdre_C_D)         0.105     1.553    board_top_i/seven_seg_controller_0/U0/refresh_counter_reg[9]
  -------------------------------------------------------------------
                         required time                         -1.553    
                         arrival time                           1.821    
  -------------------------------------------------------------------
                         slack                                  0.268    

Slack (MET) :             0.268ns  (arrival time - required time)
  Source:                 board_top_i/seven_seg_controller_0/U0/refresh_counter_reg[5]/C
                            (rising edge-triggered cell FDRE clocked by sys_clk_pin  {rise@0.000ns fall@5.000ns period=10.000ns})
  Destination:            board_top_i/seven_seg_controller_0/U0/refresh_counter_reg[5]/D
                            (rising edge-triggered cell FDRE clocked by sys_clk_pin  {rise@0.000ns fall@5.000ns period=10.000ns})
  Path Group:             sys_clk_pin
  Path Type:              Hold (Min at Fast Process Corner)
  Requirement:            0.000ns  (sys_clk_pin rise@0.000ns - sys_clk_pin rise@0.000ns)
  Data Path Delay:        0.373ns  (logic 0.256ns (68.565%)  route 0.117ns (31.435%))
  Logic Levels:           1  (CARRY4=1)
  Clock Path Skew:        0.000ns (DCD - SCD - CPR)
    Destination Clock Delay (DCD):    1.962ns
    Source Clock Delay      (SCD):    1.449ns
    Clock Pessimism Removal (CPR):    0.513ns

    Location             Delay type                Incr(ns)  Path(ns)    Netlist Resource(s)
  -------------------------------------------------------------------    -------------------
                         (clock sys_clk_pin rise edge)
                                                      0.000     0.000 r  
    W5                                                0.000     0.000 r  board_clk (IN)
                         net (fo=0)                   0.000     0.000    board_clk
    W5                   IBUF (Prop_ibuf_I_O)         0.226     0.226 r  board_clk_IBUF_inst/O
                         net (fo=1, routed)           0.631     0.858    board_clk_IBUF
    BUFGCTRL_X0Y1        BUFG (Prop_bufg_I_O)         0.026     0.884 r  board_clk_IBUF_BUFG_inst/O
                         net (fo=43, routed)          0.566     1.449    board_top_i/seven_seg_controller_0/U0/clk
    SLICE_X57Y11         FDRE                                         r  board_top_i/seven_seg_controller_0/U0/refresh_counter_reg[5]/C
  -------------------------------------------------------------------    -------------------
    SLICE_X57Y11         FDRE (Prop_fdre_C_Q)         0.141     1.590 r  board_top_i/seven_seg_controller_0/U0/refresh_counter_reg[5]/Q
                         net (fo=2, routed)           0.117     1.707    board_top_i/seven_seg_controller_0/U0/refresh_counter[5]
    SLICE_X57Y11         CARRY4 (Prop_carry4_S[0]_O[0])
                                                      0.115     1.822 r  board_top_i/seven_seg_controller_0/U0/refresh_counter0_carry__0/O[0]
                         net (fo=1, routed)           0.000     1.822    board_top_i/seven_seg_controller_0/U0/data0[5]
    SLICE_X57Y11         FDRE                                         r  board_top_i/seven_seg_controller_0/U0/refresh_counter_reg[5]/D
  -------------------------------------------------------------------    -------------------

                         (clock sys_clk_pin rise edge)
                                                      0.000     0.000 r  
    W5                                                0.000     0.000 r  board_clk (IN)
                         net (fo=0)                   0.000     0.000    board_clk
    W5                   IBUF (Prop_ibuf_I_O)         0.414     0.414 r  board_clk_IBUF_inst/O
                         net (fo=1, routed)           0.685     1.099    board_clk_IBUF
    BUFGCTRL_X0Y1        BUFG (Prop_bufg_I_O)         0.029     1.128 r  board_clk_IBUF_BUFG_inst/O
                         net (fo=43, routed)          0.835     1.962    board_top_i/seven_seg_controller_0/U0/clk
    SLICE_X57Y11         FDRE                                         r  board_top_i/seven_seg_controller_0/U0/refresh_counter_reg[5]/C
                         clock pessimism             -0.513     1.449    
    SLICE_X57Y11         FDRE (Hold_fdre_C_D)         0.105     1.554    board_top_i/seven_seg_controller_0/U0/refresh_counter_reg[5]
  -------------------------------------------------------------------
                         required time                         -1.554    
                         arrival time                           1.822    
  -------------------------------------------------------------------
                         slack                                  0.268    

Slack (MET) :             0.270ns  (arrival time - required time)
  Source:                 board_top_i/single_step_clock_0/U0/btn_stable_reg/C
                            (rising edge-triggered cell FDRE clocked by sys_clk_pin  {rise@0.000ns fall@5.000ns period=10.000ns})
  Destination:            board_top_i/single_step_clock_0/U0/btn_stable_prev_reg/D
                            (rising edge-triggered cell FDRE clocked by sys_clk_pin  {rise@0.000ns fall@5.000ns period=10.000ns})
  Path Group:             sys_clk_pin
  Path Type:              Hold (Min at Fast Process Corner)
  Requirement:            0.000ns  (sys_clk_pin rise@0.000ns - sys_clk_pin rise@0.000ns)
  Data Path Delay:        0.340ns  (logic 0.141ns (41.468%)  route 0.199ns (58.532%))
  Logic Levels:           0  
  Clock Path Skew:        0.000ns (DCD - SCD - CPR)
    Destination Clock Delay (DCD):    1.958ns
    Source Clock Delay      (SCD):    1.445ns
    Clock Pessimism Removal (CPR):    0.513ns

    Location             Delay type                Incr(ns)  Path(ns)    Netlist Resource(s)
  -------------------------------------------------------------------    -------------------
                         (clock sys_clk_pin rise edge)
                                                      0.000     0.000 r  
    W5                                                0.000     0.000 r  board_clk (IN)
                         net (fo=0)                   0.000     0.000    board_clk
    W5                   IBUF (Prop_ibuf_I_O)         0.226     0.226 r  board_clk_IBUF_inst/O
                         net (fo=1, routed)           0.631     0.858    board_clk_IBUF
    BUFGCTRL_X0Y1        BUFG (Prop_bufg_I_O)         0.026     0.884 r  board_clk_IBUF_BUFG_inst/O
                         net (fo=43, routed)          0.562     1.445    board_top_i/single_step_clock_0/U0/clk
    SLICE_X35Y46         FDRE                                         r  board_top_i/single_step_clock_0/U0/btn_stable_reg/C
  -------------------------------------------------------------------    -------------------
    SLICE_X35Y46         FDRE (Prop_fdre_C_Q)         0.141     1.586 r  board_top_i/single_step_clock_0/U0/btn_stable_reg/Q
                         net (fo=4, routed)           0.199     1.785    board_top_i/single_step_clock_0/U0/btn_stable_reg_n_0
    SLICE_X35Y46         FDRE                                         r  board_top_i/single_step_clock_0/U0/btn_stable_prev_reg/D
  -------------------------------------------------------------------    -------------------

                         (clock sys_clk_pin rise edge)
                                                      0.000     0.000 r  
    W5                                                0.000     0.000 r  board_clk (IN)
                         net (fo=0)                   0.000     0.000    board_clk
    W5                   IBUF (Prop_ibuf_I_O)         0.414     0.414 r  board_clk_IBUF_inst/O
                         net (fo=1, routed)           0.685     1.099    board_clk_IBUF
    BUFGCTRL_X0Y1        BUFG (Prop_bufg_I_O)         0.029     1.128 r  board_clk_IBUF_BUFG_inst/O
                         net (fo=43, routed)          0.831     1.958    board_top_i/single_step_clock_0/U0/clk
    SLICE_X35Y46         FDRE                                         r  board_top_i/single_step_clock_0/U0/btn_stable_prev_reg/C
                         clock pessimism             -0.513     1.445    
    SLICE_X35Y46         FDRE (Hold_fdre_C_D)         0.070     1.515    board_top_i/single_step_clock_0/U0/btn_stable_prev_reg
  -------------------------------------------------------------------
                         required time                         -1.515    
                         arrival time                           1.785    
  -------------------------------------------------------------------
                         slack                                  0.270    

Slack (MET) :             0.273ns  (arrival time - required time)
  Source:                 board_top_i/single_step_clock_0/U0/btn_stable_reg/C
                            (rising edge-triggered cell FDRE clocked by sys_clk_pin  {rise@0.000ns fall@5.000ns period=10.000ns})
  Destination:            board_top_i/single_step_clock_0/U0/counter_reg[13]/R
                            (rising edge-triggered cell FDRE clocked by sys_clk_pin  {rise@0.000ns fall@5.000ns period=10.000ns})
  Path Group:             sys_clk_pin
  Path Type:              Hold (Min at Fast Process Corner)
  Requirement:            0.000ns  (sys_clk_pin rise@0.000ns - sys_clk_pin rise@0.000ns)
  Data Path Delay:        0.547ns  (logic 0.186ns (34.024%)  route 0.361ns (65.976%))
  Logic Levels:           1  (LUT2=1)
  Clock Path Skew:        0.265ns (DCD - SCD - CPR)
    Destination Clock Delay (DCD):    1.959ns
    Source Clock Delay      (SCD):    1.445ns
    Clock Pessimism Removal (CPR):    0.249ns

    Location             Delay type                Incr(ns)  Path(ns)    Netlist Resource(s)
  -------------------------------------------------------------------    -------------------
                         (clock sys_clk_pin rise edge)
                                                      0.000     0.000 r  
    W5                                                0.000     0.000 r  board_clk (IN)
                         net (fo=0)                   0.000     0.000    board_clk
    W5                   IBUF (Prop_ibuf_I_O)         0.226     0.226 r  board_clk_IBUF_inst/O
                         net (fo=1, routed)           0.631     0.858    board_clk_IBUF
    BUFGCTRL_X0Y1        BUFG (Prop_bufg_I_O)         0.026     0.884 r  board_clk_IBUF_BUFG_inst/O
                         net (fo=43, routed)          0.562     1.445    board_top_i/single_step_clock_0/U0/clk
    SLICE_X35Y46         FDRE                                         r  board_top_i/single_step_clock_0/U0/btn_stable_reg/C
  -------------------------------------------------------------------    -------------------
    SLICE_X35Y46         FDRE (Prop_fdre_C_Q)         0.141     1.586 r  board_top_i/single_step_clock_0/U0/btn_stable_reg/Q
                         net (fo=4, routed)           0.166     1.752    board_top_i/single_step_clock_0/U0/btn_stable_reg_n_0
    SLICE_X35Y46         LUT2 (Prop_lut2_I0_O)        0.045     1.797 r  board_top_i/single_step_clock_0/U0/counter[19]_i_1/O
                         net (fo=20, routed)          0.195     1.992    board_top_i/single_step_clock_0/U0/counter[19]_i_1_n_0
    SLICE_X38Y46         FDRE                                         r  board_top_i/single_step_clock_0/U0/counter_reg[13]/R
  -------------------------------------------------------------------    -------------------

                         (clock sys_clk_pin rise edge)
                                                      0.000     0.000 r  
    W5                                                0.000     0.000 r  board_clk (IN)
                         net (fo=0)                   0.000     0.000    board_clk
    W5                   IBUF (Prop_ibuf_I_O)         0.414     0.414 r  board_clk_IBUF_inst/O
                         net (fo=1, routed)           0.685     1.099    board_clk_IBUF
    BUFGCTRL_X0Y1        BUFG (Prop_bufg_I_O)         0.029     1.128 r  board_clk_IBUF_BUFG_inst/O
                         net (fo=43, routed)          0.832     1.959    board_top_i/single_step_clock_0/U0/clk
    SLICE_X38Y46         FDRE                                         r  board_top_i/single_step_clock_0/U0/counter_reg[13]/C
                         clock pessimism             -0.249     1.710    
    SLICE_X38Y46         FDRE (Hold_fdre_C_R)         0.009     1.719    board_top_i/single_step_clock_0/U0/counter_reg[13]
  -------------------------------------------------------------------
                         required time                         -1.719    
                         arrival time                           1.992    
  -------------------------------------------------------------------
                         slack                                  0.273    

Slack (MET) :             0.273ns  (arrival time - required time)
  Source:                 board_top_i/single_step_clock_0/U0/btn_stable_reg/C
                            (rising edge-triggered cell FDRE clocked by sys_clk_pin  {rise@0.000ns fall@5.000ns period=10.000ns})
  Destination:            board_top_i/single_step_clock_0/U0/counter_reg[14]/R
                            (rising edge-triggered cell FDRE clocked by sys_clk_pin  {rise@0.000ns fall@5.000ns period=10.000ns})
  Path Group:             sys_clk_pin
  Path Type:              Hold (Min at Fast Process Corner)
  Requirement:            0.000ns  (sys_clk_pin rise@0.000ns - sys_clk_pin rise@0.000ns)
  Data Path Delay:        0.547ns  (logic 0.186ns (34.024%)  route 0.361ns (65.976%))
  Logic Levels:           1  (LUT2=1)
  Clock Path Skew:        0.265ns (DCD - SCD - CPR)
    Destination Clock Delay (DCD):    1.959ns
    Source Clock Delay      (SCD):    1.445ns
    Clock Pessimism Removal (CPR):    0.249ns

    Location             Delay type                Incr(ns)  Path(ns)    Netlist Resource(s)
  -------------------------------------------------------------------    -------------------
                         (clock sys_clk_pin rise edge)
                                                      0.000     0.000 r  
    W5                                                0.000     0.000 r  board_clk (IN)
                         net (fo=0)                   0.000     0.000    board_clk
    W5                   IBUF (Prop_ibuf_I_O)         0.226     0.226 r  board_clk_IBUF_inst/O
                         net (fo=1, routed)           0.631     0.858    board_clk_IBUF
    BUFGCTRL_X0Y1        BUFG (Prop_bufg_I_O)         0.026     0.884 r  board_clk_IBUF_BUFG_inst/O
                         net (fo=43, routed)          0.562     1.445    board_top_i/single_step_clock_0/U0/clk
    SLICE_X35Y46         FDRE                                         r  board_top_i/single_step_clock_0/U0/btn_stable_reg/C
  -------------------------------------------------------------------    -------------------
    SLICE_X35Y46         FDRE (Prop_fdre_C_Q)         0.141     1.586 r  board_top_i/single_step_clock_0/U0/btn_stable_reg/Q
                         net (fo=4, routed)           0.166     1.752    board_top_i/single_step_clock_0/U0/btn_stable_reg_n_0
    SLICE_X35Y46         LUT2 (Prop_lut2_I0_O)        0.045     1.797 r  board_top_i/single_step_clock_0/U0/counter[19]_i_1/O
                         net (fo=20, routed)          0.195     1.992    board_top_i/single_step_clock_0/U0/counter[19]_i_1_n_0
    SLICE_X38Y46         FDRE                                         r  board_top_i/single_step_clock_0/U0/counter_reg[14]/R
  -------------------------------------------------------------------    -------------------

                         (clock sys_clk_pin rise edge)
                                                      0.000     0.000 r  
    W5                                                0.000     0.000 r  board_clk (IN)
                         net (fo=0)                   0.000     0.000    board_clk
    W5                   IBUF (Prop_ibuf_I_O)         0.414     0.414 r  board_clk_IBUF_inst/O
                         net (fo=1, routed)           0.685     1.099    board_clk_IBUF
    BUFGCTRL_X0Y1        BUFG (Prop_bufg_I_O)         0.029     1.128 r  board_clk_IBUF_BUFG_inst/O
                         net (fo=43, routed)          0.832     1.959    board_top_i/single_step_clock_0/U0/clk
    SLICE_X38Y46         FDRE                                         r  board_top_i/single_step_clock_0/U0/counter_reg[14]/C
                         clock pessimism             -0.249     1.710    
    SLICE_X38Y46         FDRE (Hold_fdre_C_R)         0.009     1.719    board_top_i/single_step_clock_0/U0/counter_reg[14]
  -------------------------------------------------------------------
                         required time                         -1.719    
                         arrival time                           1.992    
  -------------------------------------------------------------------
                         slack                                  0.273    





Pulse Width Checks
--------------------------------------------------------------------------------------
Clock Name:         sys_clk_pin
Waveform(ns):       { 0.000 5.000 }
Period(ns):         10.000
Sources:            { board_clk }

Check Type        Corner  Lib Pin  Reference Pin  Required(ns)  Actual(ns)  Slack(ns)  Location       Pin
Min Period        n/a     BUFG/I   n/a            2.155         10.000      7.845      BUFGCTRL_X0Y1  board_clk_IBUF_BUFG_inst/I
Min Period        n/a     FDRE/C   n/a            1.000         10.000      9.000      SLICE_X57Y17   board_top_i/seven_seg_controller_0/U0/digit_index_reg[0]/C
Min Period        n/a     FDRE/C   n/a            1.000         10.000      9.000      SLICE_X57Y17   board_top_i/seven_seg_controller_0/U0/digit_index_reg[1]/C
Min Period        n/a     FDRE/C   n/a            1.000         10.000      9.000      SLICE_X57Y9    board_top_i/seven_seg_controller_0/U0/refresh_counter_reg[0]/C
Min Period        n/a     FDRE/C   n/a            1.000         10.000      9.000      SLICE_X57Y12   board_top_i/seven_seg_controller_0/U0/refresh_counter_reg[10]/C
Min Period        n/a     FDRE/C   n/a            1.000         10.000      9.000      SLICE_X57Y12   board_top_i/seven_seg_controller_0/U0/refresh_counter_reg[11]/C
Min Period        n/a     FDRE/C   n/a            1.000         10.000      9.000      SLICE_X57Y12   board_top_i/seven_seg_controller_0/U0/refresh_counter_reg[12]/C
Min Period        n/a     FDRE/C   n/a            1.000         10.000      9.000      SLICE_X57Y13   board_top_i/seven_seg_controller_0/U0/refresh_counter_reg[13]/C
Min Period        n/a     FDRE/C   n/a            1.000         10.000      9.000      SLICE_X57Y13   board_top_i/seven_seg_controller_0/U0/refresh_counter_reg[14]/C
Min Period        n/a     FDRE/C   n/a            1.000         10.000      9.000      SLICE_X57Y13   board_top_i/seven_seg_controller_0/U0/refresh_counter_reg[15]/C
Low Pulse Width   Slow    FDRE/C   n/a            0.500         5.000       4.500      SLICE_X57Y17   board_top_i/seven_seg_controller_0/U0/digit_index_reg[0]/C
Low Pulse Width   Fast    FDRE/C   n/a            0.500         5.000       4.500      SLICE_X57Y17   board_top_i/seven_seg_controller_0/U0/digit_index_reg[0]/C
Low Pulse Width   Slow    FDRE/C   n/a            0.500         5.000       4.500      SLICE_X57Y17   board_top_i/seven_seg_controller_0/U0/digit_index_reg[1]/C
Low Pulse Width   Fast    FDRE/C   n/a            0.500         5.000       4.500      SLICE_X57Y17   board_top_i/seven_seg_controller_0/U0/digit_index_reg[1]/C
Low Pulse Width   Slow    FDRE/C   n/a            0.500         5.000       4.500      SLICE_X57Y9    board_top_i/seven_seg_controller_0/U0/refresh_counter_reg[0]/C
Low Pulse Width   Fast    FDRE/C   n/a            0.500         5.000       4.500      SLICE_X57Y9    board_top_i/seven_seg_controller_0/U0/refresh_counter_reg[0]/C
Low Pulse Width   Slow    FDRE/C   n/a            0.500         5.000       4.500      SLICE_X57Y12   board_top_i/seven_seg_controller_0/U0/refresh_counter_reg[10]/C
Low Pulse Width   Fast    FDRE/C   n/a            0.500         5.000       4.500      SLICE_X57Y12   board_top_i/seven_seg_controller_0/U0/refresh_counter_reg[10]/C
Low Pulse Width   Slow    FDRE/C   n/a            0.500         5.000       4.500      SLICE_X57Y12   board_top_i/seven_seg_controller_0/U0/refresh_counter_reg[11]/C
Low Pulse Width   Fast    FDRE/C   n/a            0.500         5.000       4.500      SLICE_X57Y12   board_top_i/seven_seg_controller_0/U0/refresh_counter_reg[11]/C
High Pulse Width  Slow    FDRE/C   n/a            0.500         5.000       4.500      SLICE_X57Y17   board_top_i/seven_seg_controller_0/U0/digit_index_reg[0]/C
High Pulse Width  Fast    FDRE/C   n/a            0.500         5.000       4.500      SLICE_X57Y17   board_top_i/seven_seg_controller_0/U0/digit_index_reg[0]/C
High Pulse Width  Slow    FDRE/C   n/a            0.500         5.000       4.500      SLICE_X57Y17   board_top_i/seven_seg_controller_0/U0/digit_index_reg[1]/C
High Pulse Width  Fast    FDRE/C   n/a            0.500         5.000       4.500      SLICE_X57Y17   board_top_i/seven_seg_controller_0/U0/digit_index_reg[1]/C
High Pulse Width  Slow    FDRE/C   n/a            0.500         5.000       4.500      SLICE_X57Y9    board_top_i/seven_seg_controller_0/U0/refresh_counter_reg[0]/C
High Pulse Width  Fast    FDRE/C   n/a            0.500         5.000       4.500      SLICE_X57Y9    board_top_i/seven_seg_controller_0/U0/refresh_counter_reg[0]/C
High Pulse Width  Slow    FDRE/C   n/a            0.500         5.000       4.500      SLICE_X57Y12   board_top_i/seven_seg_controller_0/U0/refresh_counter_reg[10]/C
High Pulse Width  Fast    FDRE/C   n/a            0.500         5.000       4.500      SLICE_X57Y12   board_top_i/seven_seg_controller_0/U0/refresh_counter_reg[10]/C
High Pulse Width  Slow    FDRE/C   n/a            0.500         5.000       4.500      SLICE_X57Y12   board_top_i/seven_seg_controller_0/U0/refresh_counter_reg[11]/C
High Pulse Width  Fast    FDRE/C   n/a            0.500         5.000       4.500      SLICE_X57Y12   board_top_i/seven_seg_controller_0/U0/refresh_counter_reg[11]/C



--------------------------------------------------------------------------------------
Path Group:  (none)
From Clock:  
  To Clock:  

Max Delay          4327 Endpoints
Min Delay          4327 Endpoints
--------------------------------------------------------------------------------------


Max Delay Paths
--------------------------------------------------------------------------------------
Slack:                    inf
  Source:                 board_top_i/top_wrapper_0/U0/top_i/program_counter_0/U0/curr_addr_internal_reg[9]/C
                            (rising edge-triggered cell FDRE)
  Destination:            seg[3]
                            (output port)
  Path Group:             (none)
  Path Type:              Max at Slow Process Corner
  Data Path Delay:        35.247ns  (logic 7.874ns (22.340%)  route 27.372ns (77.660%))
  Logic Levels:           22  (FDRE=1 LUT3=3 LUT4=1 LUT5=2 LUT6=10 MUXF7=2 MUXF8=1 OBUF=1 RAMS64E=1)

    Location             Delay type                Incr(ns)  Path(ns)    Netlist Resource(s)
  -------------------------------------------------------------------    -------------------
    SLICE_X55Y15         FDRE                         0.000     0.000 r  board_top_i/top_wrapper_0/U0/top_i/program_counter_0/U0/curr_addr_internal_reg[9]/C
    SLICE_X55Y15         FDRE (Prop_fdre_C_Q)         0.456     0.456 f  board_top_i/top_wrapper_0/U0/top_i/program_counter_0/U0/curr_addr_internal_reg[9]/Q
                         net (fo=6, routed)           1.311     1.767    board_top_i/top_wrapper_0/U0/top_i/instruction_memory_0/U0/address[7]
    SLICE_X51Y11         LUT3 (Prop_lut3_I1_O)        0.124     1.891 r  board_top_i/top_wrapper_0/U0/top_i/instruction_memory_0/U0/instruction[24]_INST_0_i_1/O
                         net (fo=24, routed)          1.215     3.105    board_top_i/top_wrapper_0/U0/top_i/instruction_memory_0/U0/instruction[24]_INST_0_i_1_n_0
    SLICE_X48Y9          LUT6 (Prop_lut6_I0_O)        0.124     3.229 r  board_top_i/top_wrapper_0/U0/top_i/instruction_memory_0/U0/instruction[20]_INST_0/O
                         net (fo=259, routed)         4.323     7.552    board_top_i/top_wrapper_0/U0/top_i/register_file_0/U0/read_addr2[0]
    SLICE_X58Y7          LUT6 (Prop_lut6_I4_O)        0.124     7.676 r  board_top_i/top_wrapper_0/U0/top_i/register_file_0/U0/data2[3]_INST_0_i_7/O
                         net (fo=1, routed)           0.000     7.676    board_top_i/top_wrapper_0/U0/top_i/register_file_0/U0/data2[3]_INST_0_i_7_n_0
    SLICE_X58Y7          MUXF7 (Prop_muxf7_I0_O)      0.212     7.888 r  board_top_i/top_wrapper_0/U0/top_i/register_file_0/U0/data2[3]_INST_0_i_2/O
                         net (fo=1, routed)           1.070     8.959    board_top_i/top_wrapper_0/U0/top_i/register_file_0/U0/data2[3]_INST_0_i_2_n_0
    SLICE_X55Y8          LUT6 (Prop_lut6_I1_O)        0.299     9.258 r  board_top_i/top_wrapper_0/U0/top_i/register_file_0/U0/data2[3]_INST_0/O
                         net (fo=8, routed)           1.487    10.745    board_top_i/top_wrapper_0/U0/top_i/alu_b_mux_0/U0/data2[3]
    SLICE_X51Y11         LUT3 (Prop_lut3_I1_O)        0.152    10.897 r  board_top_i/top_wrapper_0/U0/top_i/alu_b_mux_0/U0/alu_b[3]_INST_0/O
                         net (fo=109, routed)         2.701    13.598    board_top_i/top_wrapper_0/U0/top_i/alu_0/U0/b[3]
    SLICE_X40Y16         LUT5 (Prop_lut5_I1_O)        0.326    13.924 r  board_top_i/top_wrapper_0/U0/top_i/alu_0/U0/result[10]_INST_0_i_8/O
                         net (fo=4, routed)           0.833    14.757    board_top_i/top_wrapper_0/U0/top_i/alu_0/U0/result[10]_INST_0_i_8_n_0
    SLICE_X39Y16         LUT6 (Prop_lut6_I0_O)        0.124    14.881 r  board_top_i/top_wrapper_0/U0/top_i/alu_0/U0/result[4]_INST_0_i_4/O
                         net (fo=2, routed)           0.984    15.865    board_top_i/top_wrapper_0/U0/top_i/alu_0/U0/result[4]_INST_0_i_4_n_0
    SLICE_X38Y14         LUT6 (Prop_lut6_I4_O)        0.124    15.989 r  board_top_i/top_wrapper_0/U0/top_i/alu_0/U0/result[4]_INST_0_i_1/O
                         net (fo=1, routed)           1.018    17.008    board_top_i/top_wrapper_0/U0/top_i/alu_0/U0/result[4]_INST_0_i_1_n_0
    SLICE_X39Y12         LUT6 (Prop_lut6_I0_O)        0.124    17.132 r  board_top_i/top_wrapper_0/U0/top_i/alu_0/U0/result[4]_INST_0/O
                         net (fo=131, routed)         3.695    20.826    board_top_i/top_wrapper_0/U0/top_i/data_memory_0/U0/data_memory_registers_reg_0_255_23_23/A2
    SLICE_X54Y15         RAMS64E (Prop_rams64e_ADR2_O)
                                                      0.326    21.153 r  board_top_i/top_wrapper_0/U0/top_i/data_memory_0/U0/data_memory_registers_reg_0_255_23_23/RAMS64E_A/O
                         net (fo=1, routed)           0.000    21.153    board_top_i/top_wrapper_0/U0/top_i/data_memory_0/U0/data_memory_registers_reg_0_255_23_23/OA
    SLICE_X54Y15         MUXF7 (Prop_muxf7_I1_O)      0.214    21.367 r  board_top_i/top_wrapper_0/U0/top_i/data_memory_0/U0/data_memory_registers_reg_0_255_23_23/F7.A/O
                         net (fo=1, routed)           0.000    21.367    board_top_i/top_wrapper_0/U0/top_i/data_memory_0/U0/data_memory_registers_reg_0_255_23_23/O1
    SLICE_X54Y15         MUXF8 (Prop_muxf8_I1_O)      0.088    21.455 r  board_top_i/top_wrapper_0/U0/top_i/data_memory_0/U0/data_memory_registers_reg_0_255_23_23/F8/O
                         net (fo=3, routed)           0.971    22.426    board_top_i/top_wrapper_0/U0/top_i/data_memory_0/U0/data0[23]
    SLICE_X59Y13         LUT6 (Prop_lut6_I5_O)        0.319    22.745 r  board_top_i/top_wrapper_0/U0/top_i/data_memory_0/U0/data[7]_INST_0_i_1/O
                         net (fo=1, routed)           0.151    22.897    board_top_i/top_wrapper_0/U0/top_i/data_memory_0/U0/data[7]_INST_0_i_1_n_0
    SLICE_X59Y13         LUT6 (Prop_lut6_I5_O)        0.124    23.021 r  board_top_i/top_wrapper_0/U0/top_i/data_memory_0/U0/data[7]_INST_0/O
                         net (fo=25, routed)          1.577    24.597    board_top_i/top_wrapper_0/U0/top_i/load_extender_0/U0/raw_data[7]
    SLICE_X50Y15         LUT6 (Prop_lut6_I4_O)        0.124    24.721 r  board_top_i/top_wrapper_0/U0/top_i/load_extender_0/U0/extended[21]_INST_0/O
                         net (fo=1, routed)           1.146    25.868    board_top_i/top_wrapper_0/U0/top_i/writeback_mux_0/U0/data[21]
    SLICE_X50Y19         LUT5 (Prop_lut5_I0_O)        0.124    25.992 r  board_top_i/top_wrapper_0/U0/top_i/writeback_mux_0/U0/writeback[21]_INST_0/O
                         net (fo=32, routed)          1.126    27.118    board_top_i/led_select_mux_0/U0/writeback[21]
    SLICE_X54Y17         LUT3 (Prop_lut3_I0_O)        0.150    27.268 r  board_top_i/led_select_mux_0/U0/led[5]_INST_0/O
                         net (fo=1, routed)           0.659    27.927    board_top_i/seven_seg_controller_0/U0/value[5]
    SLICE_X55Y17         LUT6 (Prop_lut6_I0_O)        0.328    28.255 r  board_top_i/seven_seg_controller_0/U0/hex_digit[1]_INST_0/O
                         net (fo=7, routed)           1.246    29.502    board_top_i/hex_to_7seg_0/U0/hex_digit[1]
    SLICE_X60Y17         LUT4 (Prop_lut4_I3_O)        0.148    29.650 r  board_top_i/hex_to_7seg_0/U0/seg[3]_INST_0/O
                         net (fo=1, routed)           1.857    31.507    seg_OBUF[3]
    V8                   OBUF (Prop_obuf_I_O)         3.740    35.247 r  seg_OBUF[3]_inst/O
                         net (fo=0)                   0.000    35.247    seg[3]
    V8                                                                r  seg[3] (OUT)
  -------------------------------------------------------------------    -------------------

Slack:                    inf
  Source:                 board_top_i/top_wrapper_0/U0/top_i/program_counter_0/U0/curr_addr_internal_reg[9]/C
                            (rising edge-triggered cell FDRE)
  Destination:            seg[0]
                            (output port)
  Path Group:             (none)
  Path Type:              Max at Slow Process Corner
  Data Path Delay:        35.211ns  (logic 7.851ns (22.298%)  route 27.359ns (77.702%))
  Logic Levels:           22  (FDRE=1 LUT3=3 LUT4=1 LUT5=2 LUT6=10 MUXF7=2 MUXF8=1 OBUF=1 RAMS64E=1)

    Location             Delay type                Incr(ns)  Path(ns)    Netlist Resource(s)
  -------------------------------------------------------------------    -------------------
    SLICE_X55Y15         FDRE                         0.000     0.000 r  board_top_i/top_wrapper_0/U0/top_i/program_counter_0/U0/curr_addr_internal_reg[9]/C
    SLICE_X55Y15         FDRE (Prop_fdre_C_Q)         0.456     0.456 f  board_top_i/top_wrapper_0/U0/top_i/program_counter_0/U0/curr_addr_internal_reg[9]/Q
                         net (fo=6, routed)           1.311     1.767    board_top_i/top_wrapper_0/U0/top_i/instruction_memory_0/U0/address[7]
    SLICE_X51Y11         LUT3 (Prop_lut3_I1_O)        0.124     1.891 r  board_top_i/top_wrapper_0/U0/top_i/instruction_memory_0/U0/instruction[24]_INST_0_i_1/O
                         net (fo=24, routed)          1.215     3.105    board_top_i/top_wrapper_0/U0/top_i/instruction_memory_0/U0/instruction[24]_INST_0_i_1_n_0
    SLICE_X48Y9          LUT6 (Prop_lut6_I0_O)        0.124     3.229 r  board_top_i/top_wrapper_0/U0/top_i/instruction_memory_0/U0/instruction[20]_INST_0/O
                         net (fo=259, routed)         4.323     7.552    board_top_i/top_wrapper_0/U0/top_i/register_file_0/U0/read_addr2[0]
    SLICE_X58Y7          LUT6 (Prop_lut6_I4_O)        0.124     7.676 r  board_top_i/top_wrapper_0/U0/top_i/register_file_0/U0/data2[3]_INST_0_i_7/O
                         net (fo=1, routed)           0.000     7.676    board_top_i/top_wrapper_0/U0/top_i/register_file_0/U0/data2[3]_INST_0_i_7_n_0
    SLICE_X58Y7          MUXF7 (Prop_muxf7_I0_O)      0.212     7.888 r  board_top_i/top_wrapper_0/U0/top_i/register_file_0/U0/data2[3]_INST_0_i_2/O
                         net (fo=1, routed)           1.070     8.959    board_top_i/top_wrapper_0/U0/top_i/register_file_0/U0/data2[3]_INST_0_i_2_n_0
    SLICE_X55Y8          LUT6 (Prop_lut6_I1_O)        0.299     9.258 r  board_top_i/top_wrapper_0/U0/top_i/register_file_0/U0/data2[3]_INST_0/O
                         net (fo=8, routed)           1.487    10.745    board_top_i/top_wrapper_0/U0/top_i/alu_b_mux_0/U0/data2[3]
    SLICE_X51Y11         LUT3 (Prop_lut3_I1_O)        0.152    10.897 r  board_top_i/top_wrapper_0/U0/top_i/alu_b_mux_0/U0/alu_b[3]_INST_0/O
                         net (fo=109, routed)         2.701    13.598    board_top_i/top_wrapper_0/U0/top_i/alu_0/U0/b[3]
    SLICE_X40Y16         LUT5 (Prop_lut5_I1_O)        0.326    13.924 r  board_top_i/top_wrapper_0/U0/top_i/alu_0/U0/result[10]_INST_0_i_8/O
                         net (fo=4, routed)           0.833    14.757    board_top_i/top_wrapper_0/U0/top_i/alu_0/U0/result[10]_INST_0_i_8_n_0
    SLICE_X39Y16         LUT6 (Prop_lut6_I0_O)        0.124    14.881 r  board_top_i/top_wrapper_0/U0/top_i/alu_0/U0/result[4]_INST_0_i_4/O
                         net (fo=2, routed)           0.984    15.865    board_top_i/top_wrapper_0/U0/top_i/alu_0/U0/result[4]_INST_0_i_4_n_0
    SLICE_X38Y14         LUT6 (Prop_lut6_I4_O)        0.124    15.989 r  board_top_i/top_wrapper_0/U0/top_i/alu_0/U0/result[4]_INST_0_i_1/O
                         net (fo=1, routed)           1.018    17.008    board_top_i/top_wrapper_0/U0/top_i/alu_0/U0/result[4]_INST_0_i_1_n_0
    SLICE_X39Y12         LUT6 (Prop_lut6_I0_O)        0.124    17.132 r  board_top_i/top_wrapper_0/U0/top_i/alu_0/U0/result[4]_INST_0/O
                         net (fo=131, routed)         3.695    20.826    board_top_i/top_wrapper_0/U0/top_i/data_memory_0/U0/data_memory_registers_reg_0_255_23_23/A2
    SLICE_X54Y15         RAMS64E (Prop_rams64e_ADR2_O)
                                                      0.326    21.153 r  board_top_i/top_wrapper_0/U0/top_i/data_memory_0/U0/data_memory_registers_reg_0_255_23_23/RAMS64E_A/O
                         net (fo=1, routed)           0.000    21.153    board_top_i/top_wrapper_0/U0/top_i/data_memory_0/U0/data_memory_registers_reg_0_255_23_23/OA
    SLICE_X54Y15         MUXF7 (Prop_muxf7_I1_O)      0.214    21.367 r  board_top_i/top_wrapper_0/U0/top_i/data_memory_0/U0/data_memory_registers_reg_0_255_23_23/F7.A/O
                         net (fo=1, routed)           0.000    21.367    board_top_i/top_wrapper_0/U0/top_i/data_memory_0/U0/data_memory_registers_reg_0_255_23_23/O1
    SLICE_X54Y15         MUXF8 (Prop_muxf8_I1_O)      0.088    21.455 r  board_top_i/top_wrapper_0/U0/top_i/data_memory_0/U0/data_memory_registers_reg_0_255_23_23/F8/O
                         net (fo=3, routed)           0.971    22.426    board_top_i/top_wrapper_0/U0/top_i/data_memory_0/U0/data0[23]
    SLICE_X59Y13         LUT6 (Prop_lut6_I5_O)        0.319    22.745 r  board_top_i/top_wrapper_0/U0/top_i/data_memory_0/U0/data[7]_INST_0_i_1/O
                         net (fo=1, routed)           0.151    22.897    board_top_i/top_wrapper_0/U0/top_i/data_memory_0/U0/data[7]_INST_0_i_1_n_0
    SLICE_X59Y13         LUT6 (Prop_lut6_I5_O)        0.124    23.021 r  board_top_i/top_wrapper_0/U0/top_i/data_memory_0/U0/data[7]_INST_0/O
                         net (fo=25, routed)          1.577    24.597    board_top_i/top_wrapper_0/U0/top_i/load_extender_0/U0/raw_data[7]
    SLICE_X50Y15         LUT6 (Prop_lut6_I4_O)        0.124    24.721 r  board_top_i/top_wrapper_0/U0/top_i/load_extender_0/U0/extended[21]_INST_0/O
                         net (fo=1, routed)           1.146    25.868    board_top_i/top_wrapper_0/U0/top_i/writeback_mux_0/U0/data[21]
    SLICE_X50Y19         LUT5 (Prop_lut5_I0_O)        0.124    25.992 r  board_top_i/top_wrapper_0/U0/top_i/writeback_mux_0/U0/writeback[21]_INST_0/O
                         net (fo=32, routed)          1.126    27.118    board_top_i/led_select_mux_0/U0/writeback[21]
    SLICE_X54Y17         LUT3 (Prop_lut3_I0_O)        0.150    27.268 r  board_top_i/led_select_mux_0/U0/led[5]_INST_0/O
                         net (fo=1, routed)           0.659    27.927    board_top_i/seven_seg_controller_0/U0/value[5]
    SLICE_X55Y17         LUT6 (Prop_lut6_I0_O)        0.328    28.255 r  board_top_i/seven_seg_controller_0/U0/hex_digit[1]_INST_0/O
                         net (fo=7, routed)           1.051    29.306    board_top_i/hex_to_7seg_0/U0/hex_digit[1]
    SLICE_X59Y17         LUT4 (Prop_lut4_I3_O)        0.152    29.458 r  board_top_i/hex_to_7seg_0/U0/seg[0]_INST_0/O
                         net (fo=1, routed)           2.039    31.498    seg_OBUF[0]
    W7                   OBUF (Prop_obuf_I_O)         3.713    35.211 r  seg_OBUF[0]_inst/O
                         net (fo=0)                   0.000    35.211    seg[0]
    W7                                                                r  seg[0] (OUT)
  -------------------------------------------------------------------    -------------------

Slack:                    inf
  Source:                 board_top_i/top_wrapper_0/U0/top_i/program_counter_0/U0/curr_addr_internal_reg[9]/C
                            (rising edge-triggered cell FDRE)
  Destination:            seg[6]
                            (output port)
  Path Group:             (none)
  Path Type:              Max at Slow Process Corner
  Data Path Delay:        35.209ns  (logic 7.352ns (20.882%)  route 27.857ns (79.118%))
  Logic Levels:           21  (FDRE=1 LUT3=3 LUT4=1 LUT5=3 LUT6=8 MUXF7=2 MUXF8=1 OBUF=1 RAMS64E=1)

    Location             Delay type                Incr(ns)  Path(ns)    Netlist Resource(s)
  -------------------------------------------------------------------    -------------------
    SLICE_X55Y15         FDRE                         0.000     0.000 r  board_top_i/top_wrapper_0/U0/top_i/program_counter_0/U0/curr_addr_internal_reg[9]/C
    SLICE_X55Y15         FDRE (Prop_fdre_C_Q)         0.456     0.456 f  board_top_i/top_wrapper_0/U0/top_i/program_counter_0/U0/curr_addr_internal_reg[9]/Q
                         net (fo=6, routed)           1.311     1.767    board_top_i/top_wrapper_0/U0/top_i/instruction_memory_0/U0/address[7]
    SLICE_X51Y11         LUT3 (Prop_lut3_I1_O)        0.124     1.891 r  board_top_i/top_wrapper_0/U0/top_i/instruction_memory_0/U0/instruction[24]_INST_0_i_1/O
                         net (fo=24, routed)          1.215     3.105    board_top_i/top_wrapper_0/U0/top_i/instruction_memory_0/U0/instruction[24]_INST_0_i_1_n_0
    SLICE_X48Y9          LUT6 (Prop_lut6_I0_O)        0.124     3.229 r  board_top_i/top_wrapper_0/U0/top_i/instruction_memory_0/U0/instruction[20]_INST_0/O
                         net (fo=259, routed)         4.323     7.552    board_top_i/top_wrapper_0/U0/top_i/register_file_0/U0/read_addr2[0]
    SLICE_X58Y7          LUT6 (Prop_lut6_I4_O)        0.124     7.676 r  board_top_i/top_wrapper_0/U0/top_i/register_file_0/U0/data2[3]_INST_0_i_7/O
                         net (fo=1, routed)           0.000     7.676    board_top_i/top_wrapper_0/U0/top_i/register_file_0/U0/data2[3]_INST_0_i_7_n_0
    SLICE_X58Y7          MUXF7 (Prop_muxf7_I0_O)      0.212     7.888 r  board_top_i/top_wrapper_0/U0/top_i/register_file_0/U0/data2[3]_INST_0_i_2/O
                         net (fo=1, routed)           1.070     8.959    board_top_i/top_wrapper_0/U0/top_i/register_file_0/U0/data2[3]_INST_0_i_2_n_0
    SLICE_X55Y8          LUT6 (Prop_lut6_I1_O)        0.299     9.258 r  board_top_i/top_wrapper_0/U0/top_i/register_file_0/U0/data2[3]_INST_0/O
                         net (fo=8, routed)           1.487    10.745    board_top_i/top_wrapper_0/U0/top_i/alu_b_mux_0/U0/data2[3]
    SLICE_X51Y11         LUT3 (Prop_lut3_I1_O)        0.152    10.897 r  board_top_i/top_wrapper_0/U0/top_i/alu_b_mux_0/U0/alu_b[3]_INST_0/O
                         net (fo=109, routed)         2.701    13.598    board_top_i/top_wrapper_0/U0/top_i/alu_0/U0/b[3]
    SLICE_X40Y16         LUT5 (Prop_lut5_I1_O)        0.326    13.924 r  board_top_i/top_wrapper_0/U0/top_i/alu_0/U0/result[10]_INST_0_i_8/O
                         net (fo=4, routed)           0.833    14.757    board_top_i/top_wrapper_0/U0/top_i/alu_0/U0/result[10]_INST_0_i_8_n_0
    SLICE_X39Y16         LUT6 (Prop_lut6_I0_O)        0.124    14.881 r  board_top_i/top_wrapper_0/U0/top_i/alu_0/U0/result[4]_INST_0_i_4/O
                         net (fo=2, routed)           0.984    15.865    board_top_i/top_wrapper_0/U0/top_i/alu_0/U0/result[4]_INST_0_i_4_n_0
    SLICE_X38Y14         LUT6 (Prop_lut6_I4_O)        0.124    15.989 r  board_top_i/top_wrapper_0/U0/top_i/alu_0/U0/result[4]_INST_0_i_1/O
                         net (fo=1, routed)           1.018    17.008    board_top_i/top_wrapper_0/U0/top_i/alu_0/U0/result[4]_INST_0_i_1_n_0
    SLICE_X39Y12         LUT6 (Prop_lut6_I0_O)        0.124    17.132 r  board_top_i/top_wrapper_0/U0/top_i/alu_0/U0/result[4]_INST_0/O
                         net (fo=131, routed)         3.543    20.675    board_top_i/top_wrapper_0/U0/top_i/data_memory_0/U0/data_memory_registers_reg_0_255_15_15/A2
    SLICE_X54Y13         RAMS64E (Prop_rams64e_ADR2_O)
                                                      0.124    20.799 r  board_top_i/top_wrapper_0/U0/top_i/data_memory_0/U0/data_memory_registers_reg_0_255_15_15/RAMS64E_D/O
                         net (fo=1, routed)           0.000    20.799    board_top_i/top_wrapper_0/U0/top_i/data_memory_0/U0/data_memory_registers_reg_0_255_15_15/OD
    SLICE_X54Y13         MUXF7 (Prop_muxf7_I0_O)      0.241    21.040 r  board_top_i/top_wrapper_0/U0/top_i/data_memory_0/U0/data_memory_registers_reg_0_255_15_15/F7.B/O
                         net (fo=1, routed)           0.000    21.040    board_top_i/top_wrapper_0/U0/top_i/data_memory_0/U0/data_memory_registers_reg_0_255_15_15/O0
    SLICE_X54Y13         MUXF8 (Prop_muxf8_I0_O)      0.098    21.138 r  board_top_i/top_wrapper_0/U0/top_i/data_memory_0/U0/data_memory_registers_reg_0_255_15_15/F8/O
                         net (fo=2, routed)           1.010    22.148    board_top_i/top_wrapper_0/U0/top_i/data_memory_0/U0/data0[15]
    SLICE_X59Y13         LUT5 (Prop_lut5_I4_O)        0.319    22.467 r  board_top_i/top_wrapper_0/U0/top_i/data_memory_0/U0/data[15]_INST_0/O
                         net (fo=17, routed)          1.465    23.932    board_top_i/top_wrapper_0/U0/top_i/load_extender_0/U0/raw_data[15]
    SLICE_X58Y16         LUT6 (Prop_lut6_I0_O)        0.124    24.056 r  board_top_i/top_wrapper_0/U0/top_i/load_extender_0/U0/extended[27]_INST_0/O
                         net (fo=1, routed)           1.110    25.166    board_top_i/top_wrapper_0/U0/top_i/writeback_mux_0/U0/data[27]
    SLICE_X54Y19         LUT5 (Prop_lut5_I0_O)        0.124    25.290 r  board_top_i/top_wrapper_0/U0/top_i/writeback_mux_0/U0/writeback[27]_INST_0/O
                         net (fo=32, routed)          2.076    27.366    board_top_i/led_select_mux_0/U0/writeback[27]
    SLICE_X58Y17         LUT3 (Prop_lut3_I0_O)        0.152    27.518 r  board_top_i/led_select_mux_0/U0/led[11]_INST_0/O
                         net (fo=1, routed)           0.860    28.378    board_top_i/seven_seg_controller_0/U0/value[11]
    SLICE_X59Y17         LUT6 (Prop_lut6_I5_O)        0.326    28.704 r  board_top_i/seven_seg_controller_0/U0/hex_digit[3]_INST_0/O
                         net (fo=7, routed)           0.852    29.556    board_top_i/hex_to_7seg_0/U0/hex_digit[3]
    SLICE_X60Y17         LUT4 (Prop_lut4_I0_O)        0.124    29.680 r  board_top_i/hex_to_7seg_0/U0/seg[6]_INST_0/O
                         net (fo=1, routed)           1.998    31.678    seg_OBUF[6]
    U7                   OBUF (Prop_obuf_I_O)         3.531    35.209 r  seg_OBUF[6]_inst/O
                         net (fo=0)                   0.000    35.209    seg[6]
    U7                                                                r  seg[6] (OUT)
  -------------------------------------------------------------------    -------------------

Slack:                    inf
  Source:                 board_top_i/top_wrapper_0/U0/top_i/program_counter_0/U0/curr_addr_internal_reg[9]/C
                            (rising edge-triggered cell FDRE)
  Destination:            seg[2]
                            (output port)
  Path Group:             (none)
  Path Type:              Max at Slow Process Corner
  Data Path Delay:        35.040ns  (logic 7.646ns (21.820%)  route 27.394ns (78.180%))
  Logic Levels:           22  (FDRE=1 LUT3=3 LUT4=1 LUT5=2 LUT6=10 MUXF7=2 MUXF8=1 OBUF=1 RAMS64E=1)

    Location             Delay type                Incr(ns)  Path(ns)    Netlist Resource(s)
  -------------------------------------------------------------------    -------------------
    SLICE_X55Y15         FDRE                         0.000     0.000 r  board_top_i/top_wrapper_0/U0/top_i/program_counter_0/U0/curr_addr_internal_reg[9]/C
    SLICE_X55Y15         FDRE (Prop_fdre_C_Q)         0.456     0.456 f  board_top_i/top_wrapper_0/U0/top_i/program_counter_0/U0/curr_addr_internal_reg[9]/Q
                         net (fo=6, routed)           1.311     1.767    board_top_i/top_wrapper_0/U0/top_i/instruction_memory_0/U0/address[7]
    SLICE_X51Y11         LUT3 (Prop_lut3_I1_O)        0.124     1.891 r  board_top_i/top_wrapper_0/U0/top_i/instruction_memory_0/U0/instruction[24]_INST_0_i_1/O
                         net (fo=24, routed)          1.215     3.105    board_top_i/top_wrapper_0/U0/top_i/instruction_memory_0/U0/instruction[24]_INST_0_i_1_n_0
    SLICE_X48Y9          LUT6 (Prop_lut6_I0_O)        0.124     3.229 r  board_top_i/top_wrapper_0/U0/top_i/instruction_memory_0/U0/instruction[20]_INST_0/O
                         net (fo=259, routed)         4.323     7.552    board_top_i/top_wrapper_0/U0/top_i/register_file_0/U0/read_addr2[0]
    SLICE_X58Y7          LUT6 (Prop_lut6_I4_O)        0.124     7.676 r  board_top_i/top_wrapper_0/U0/top_i/register_file_0/U0/data2[3]_INST_0_i_7/O
                         net (fo=1, routed)           0.000     7.676    board_top_i/top_wrapper_0/U0/top_i/register_file_0/U0/data2[3]_INST_0_i_7_n_0
    SLICE_X58Y7          MUXF7 (Prop_muxf7_I0_O)      0.212     7.888 r  board_top_i/top_wrapper_0/U0/top_i/register_file_0/U0/data2[3]_INST_0_i_2/O
                         net (fo=1, routed)           1.070     8.959    board_top_i/top_wrapper_0/U0/top_i/register_file_0/U0/data2[3]_INST_0_i_2_n_0
    SLICE_X55Y8          LUT6 (Prop_lut6_I1_O)        0.299     9.258 r  board_top_i/top_wrapper_0/U0/top_i/register_file_0/U0/data2[3]_INST_0/O
                         net (fo=8, routed)           1.487    10.745    board_top_i/top_wrapper_0/U0/top_i/alu_b_mux_0/U0/data2[3]
    SLICE_X51Y11         LUT3 (Prop_lut3_I1_O)        0.152    10.897 r  board_top_i/top_wrapper_0/U0/top_i/alu_b_mux_0/U0/alu_b[3]_INST_0/O
                         net (fo=109, routed)         2.701    13.598    board_top_i/top_wrapper_0/U0/top_i/alu_0/U0/b[3]
    SLICE_X40Y16         LUT5 (Prop_lut5_I1_O)        0.326    13.924 r  board_top_i/top_wrapper_0/U0/top_i/alu_0/U0/result[10]_INST_0_i_8/O
                         net (fo=4, routed)           0.833    14.757    board_top_i/top_wrapper_0/U0/top_i/alu_0/U0/result[10]_INST_0_i_8_n_0
    SLICE_X39Y16         LUT6 (Prop_lut6_I0_O)        0.124    14.881 r  board_top_i/top_wrapper_0/U0/top_i/alu_0/U0/result[4]_INST_0_i_4/O
                         net (fo=2, routed)           0.984    15.865    board_top_i/top_wrapper_0/U0/top_i/alu_0/U0/result[4]_INST_0_i_4_n_0
    SLICE_X38Y14         LUT6 (Prop_lut6_I4_O)        0.124    15.989 r  board_top_i/top_wrapper_0/U0/top_i/alu_0/U0/result[4]_INST_0_i_1/O
                         net (fo=1, routed)           1.018    17.008    board_top_i/top_wrapper_0/U0/top_i/alu_0/U0/result[4]_INST_0_i_1_n_0
    SLICE_X39Y12         LUT6 (Prop_lut6_I0_O)        0.124    17.132 r  board_top_i/top_wrapper_0/U0/top_i/alu_0/U0/result[4]_INST_0/O
                         net (fo=131, routed)         3.695    20.826    board_top_i/top_wrapper_0/U0/top_i/data_memory_0/U0/data_memory_registers_reg_0_255_23_23/A2
    SLICE_X54Y15         RAMS64E (Prop_rams64e_ADR2_O)
                                                      0.326    21.153 r  board_top_i/top_wrapper_0/U0/top_i/data_memory_0/U0/data_memory_registers_reg_0_255_23_23/RAMS64E_A/O
                         net (fo=1, routed)           0.000    21.153    board_top_i/top_wrapper_0/U0/top_i/data_memory_0/U0/data_memory_registers_reg_0_255_23_23/OA
    SLICE_X54Y15         MUXF7 (Prop_muxf7_I1_O)      0.214    21.367 r  board_top_i/top_wrapper_0/U0/top_i/data_memory_0/U0/data_memory_registers_reg_0_255_23_23/F7.A/O
                         net (fo=1, routed)           0.000    21.367    board_top_i/top_wrapper_0/U0/top_i/data_memory_0/U0/data_memory_registers_reg_0_255_23_23/O1
    SLICE_X54Y15         MUXF8 (Prop_muxf8_I1_O)      0.088    21.455 r  board_top_i/top_wrapper_0/U0/top_i/data_memory_0/U0/data_memory_registers_reg_0_255_23_23/F8/O
                         net (fo=3, routed)           0.971    22.426    board_top_i/top_wrapper_0/U0/top_i/data_memory_0/U0/data0[23]
    SLICE_X59Y13         LUT6 (Prop_lut6_I5_O)        0.319    22.745 r  board_top_i/top_wrapper_0/U0/top_i/data_memory_0/U0/data[7]_INST_0_i_1/O
                         net (fo=1, routed)           0.151    22.897    board_top_i/top_wrapper_0/U0/top_i/data_memory_0/U0/data[7]_INST_0_i_1_n_0
    SLICE_X59Y13         LUT6 (Prop_lut6_I5_O)        0.124    23.021 r  board_top_i/top_wrapper_0/U0/top_i/data_memory_0/U0/data[7]_INST_0/O
                         net (fo=25, routed)          1.577    24.597    board_top_i/top_wrapper_0/U0/top_i/load_extender_0/U0/raw_data[7]
    SLICE_X50Y15         LUT6 (Prop_lut6_I4_O)        0.124    24.721 r  board_top_i/top_wrapper_0/U0/top_i/load_extender_0/U0/extended[21]_INST_0/O
                         net (fo=1, routed)           1.146    25.868    board_top_i/top_wrapper_0/U0/top_i/writeback_mux_0/U0/data[21]
    SLICE_X50Y19         LUT5 (Prop_lut5_I0_O)        0.124    25.992 r  board_top_i/top_wrapper_0/U0/top_i/writeback_mux_0/U0/writeback[21]_INST_0/O
                         net (fo=32, routed)          1.126    27.118    board_top_i/led_select_mux_0/U0/writeback[21]
    SLICE_X54Y17         LUT3 (Prop_lut3_I0_O)        0.150    27.268 r  board_top_i/led_select_mux_0/U0/led[5]_INST_0/O
                         net (fo=1, routed)           0.659    27.927    board_top_i/seven_seg_controller_0/U0/value[5]
    SLICE_X55Y17         LUT6 (Prop_lut6_I0_O)        0.328    28.255 r  board_top_i/seven_seg_controller_0/U0/hex_digit[1]_INST_0/O
                         net (fo=7, routed)           1.246    29.502    board_top_i/hex_to_7seg_0/U0/hex_digit[1]
    SLICE_X60Y17         LUT4 (Prop_lut4_I2_O)        0.124    29.626 r  board_top_i/hex_to_7seg_0/U0/seg[2]_INST_0/O
                         net (fo=1, routed)           1.879    31.504    seg_OBUF[2]
    U8                   OBUF (Prop_obuf_I_O)         3.535    35.040 r  seg_OBUF[2]_inst/O
                         net (fo=0)                   0.000    35.040    seg[2]
    U8                                                                r  seg[2] (OUT)
  -------------------------------------------------------------------    -------------------

Slack:                    inf
  Source:                 board_top_i/top_wrapper_0/U0/top_i/program_counter_0/U0/curr_addr_internal_reg[9]/C
                            (rising edge-triggered cell FDRE)
  Destination:            seg[5]
                            (output port)
  Path Group:             (none)
  Path Type:              Max at Slow Process Corner
  Data Path Delay:        34.926ns  (logic 7.865ns (22.519%)  route 27.061ns (77.481%))
  Logic Levels:           22  (FDRE=1 LUT3=3 LUT4=1 LUT5=2 LUT6=10 MUXF7=2 MUXF8=1 OBUF=1 RAMS64E=1)

    Location             Delay type                Incr(ns)  Path(ns)    Netlist Resource(s)
  -------------------------------------------------------------------    -------------------
    SLICE_X55Y15         FDRE                         0.000     0.000 r  board_top_i/top_wrapper_0/U0/top_i/program_counter_0/U0/curr_addr_internal_reg[9]/C
    SLICE_X55Y15         FDRE (Prop_fdre_C_Q)         0.456     0.456 f  board_top_i/top_wrapper_0/U0/top_i/program_counter_0/U0/curr_addr_internal_reg[9]/Q
                         net (fo=6, routed)           1.311     1.767    board_top_i/top_wrapper_0/U0/top_i/instruction_memory_0/U0/address[7]
    SLICE_X51Y11         LUT3 (Prop_lut3_I1_O)        0.124     1.891 r  board_top_i/top_wrapper_0/U0/top_i/instruction_memory_0/U0/instruction[24]_INST_0_i_1/O
                         net (fo=24, routed)          1.215     3.105    board_top_i/top_wrapper_0/U0/top_i/instruction_memory_0/U0/instruction[24]_INST_0_i_1_n_0
    SLICE_X48Y9          LUT6 (Prop_lut6_I0_O)        0.124     3.229 r  board_top_i/top_wrapper_0/U0/top_i/instruction_memory_0/U0/instruction[20]_INST_0/O
                         net (fo=259, routed)         4.323     7.552    board_top_i/top_wrapper_0/U0/top_i/register_file_0/U0/read_addr2[0]
    SLICE_X58Y7          LUT6 (Prop_lut6_I4_O)        0.124     7.676 r  board_top_i/top_wrapper_0/U0/top_i/register_file_0/U0/data2[3]_INST_0_i_7/O
                         net (fo=1, routed)           0.000     7.676    board_top_i/top_wrapper_0/U0/top_i/register_file_0/U0/data2[3]_INST_0_i_7_n_0
    SLICE_X58Y7          MUXF7 (Prop_muxf7_I0_O)      0.212     7.888 r  board_top_i/top_wrapper_0/U0/top_i/register_file_0/U0/data2[3]_INST_0_i_2/O
                         net (fo=1, routed)           1.070     8.959    board_top_i/top_wrapper_0/U0/top_i/register_file_0/U0/data2[3]_INST_0_i_2_n_0
    SLICE_X55Y8          LUT6 (Prop_lut6_I1_O)        0.299     9.258 r  board_top_i/top_wrapper_0/U0/top_i/register_file_0/U0/data2[3]_INST_0/O
                         net (fo=8, routed)           1.487    10.745    board_top_i/top_wrapper_0/U0/top_i/alu_b_mux_0/U0/data2[3]
    SLICE_X51Y11         LUT3 (Prop_lut3_I1_O)        0.152    10.897 r  board_top_i/top_wrapper_0/U0/top_i/alu_b_mux_0/U0/alu_b[3]_INST_0/O
                         net (fo=109, routed)         2.701    13.598    board_top_i/top_wrapper_0/U0/top_i/alu_0/U0/b[3]
    SLICE_X40Y16         LUT5 (Prop_lut5_I1_O)        0.326    13.924 r  board_top_i/top_wrapper_0/U0/top_i/alu_0/U0/result[10]_INST_0_i_8/O
                         net (fo=4, routed)           0.833    14.757    board_top_i/top_wrapper_0/U0/top_i/alu_0/U0/result[10]_INST_0_i_8_n_0
    SLICE_X39Y16         LUT6 (Prop_lut6_I0_O)        0.124    14.881 r  board_top_i/top_wrapper_0/U0/top_i/alu_0/U0/result[4]_INST_0_i_4/O
                         net (fo=2, routed)           0.984    15.865    board_top_i/top_wrapper_0/U0/top_i/alu_0/U0/result[4]_INST_0_i_4_n_0
    SLICE_X38Y14         LUT6 (Prop_lut6_I4_O)        0.124    15.989 r  board_top_i/top_wrapper_0/U0/top_i/alu_0/U0/result[4]_INST_0_i_1/O
                         net (fo=1, routed)           1.018    17.008    board_top_i/top_wrapper_0/U0/top_i/alu_0/U0/result[4]_INST_0_i_1_n_0
    SLICE_X39Y12         LUT6 (Prop_lut6_I0_O)        0.124    17.132 r  board_top_i/top_wrapper_0/U0/top_i/alu_0/U0/result[4]_INST_0/O
                         net (fo=131, routed)         3.695    20.826    board_top_i/top_wrapper_0/U0/top_i/data_memory_0/U0/data_memory_registers_reg_0_255_23_23/A2
    SLICE_X54Y15         RAMS64E (Prop_rams64e_ADR2_O)
                                                      0.326    21.153 r  board_top_i/top_wrapper_0/U0/top_i/data_memory_0/U0/data_memory_registers_reg_0_255_23_23/RAMS64E_A/O
                         net (fo=1, routed)           0.000    21.153    board_top_i/top_wrapper_0/U0/top_i/data_memory_0/U0/data_memory_registers_reg_0_255_23_23/OA
    SLICE_X54Y15         MUXF7 (Prop_muxf7_I1_O)      0.214    21.367 r  board_top_i/top_wrapper_0/U0/top_i/data_memory_0/U0/data_memory_registers_reg_0_255_23_23/F7.A/O
                         net (fo=1, routed)           0.000    21.367    board_top_i/top_wrapper_0/U0/top_i/data_memory_0/U0/data_memory_registers_reg_0_255_23_23/O1
    SLICE_X54Y15         MUXF8 (Prop_muxf8_I1_O)      0.088    21.455 r  board_top_i/top_wrapper_0/U0/top_i/data_memory_0/U0/data_memory_registers_reg_0_255_23_23/F8/O
                         net (fo=3, routed)           0.971    22.426    board_top_i/top_wrapper_0/U0/top_i/data_memory_0/U0/data0[23]
    SLICE_X59Y13         LUT6 (Prop_lut6_I5_O)        0.319    22.745 r  board_top_i/top_wrapper_0/U0/top_i/data_memory_0/U0/data[7]_INST_0_i_1/O
                         net (fo=1, routed)           0.151    22.897    board_top_i/top_wrapper_0/U0/top_i/data_memory_0/U0/data[7]_INST_0_i_1_n_0
    SLICE_X59Y13         LUT6 (Prop_lut6_I5_O)        0.124    23.021 r  board_top_i/top_wrapper_0/U0/top_i/data_memory_0/U0/data[7]_INST_0/O
                         net (fo=25, routed)          1.577    24.597    board_top_i/top_wrapper_0/U0/top_i/load_extender_0/U0/raw_data[7]
    SLICE_X50Y15         LUT6 (Prop_lut6_I4_O)        0.124    24.721 r  board_top_i/top_wrapper_0/U0/top_i/load_extender_0/U0/extended[21]_INST_0/O
                         net (fo=1, routed)           1.146    25.868    board_top_i/top_wrapper_0/U0/top_i/writeback_mux_0/U0/data[21]
    SLICE_X50Y19         LUT5 (Prop_lut5_I0_O)        0.124    25.992 r  board_top_i/top_wrapper_0/U0/top_i/writeback_mux_0/U0/writeback[21]_INST_0/O
                         net (fo=32, routed)          1.126    27.118    board_top_i/led_select_mux_0/U0/writeback[21]
    SLICE_X54Y17         LUT3 (Prop_lut3_I0_O)        0.150    27.268 r  board_top_i/led_select_mux_0/U0/led[5]_INST_0/O
                         net (fo=1, routed)           0.659    27.927    board_top_i/seven_seg_controller_0/U0/value[5]
    SLICE_X55Y17         LUT6 (Prop_lut6_I0_O)        0.328    28.255 r  board_top_i/seven_seg_controller_0/U0/hex_digit[1]_INST_0/O
                         net (fo=7, routed)           0.985    29.240    board_top_i/hex_to_7seg_0/U0/hex_digit[1]
    SLICE_X60Y17         LUT4 (Prop_lut4_I3_O)        0.150    29.390 r  board_top_i/hex_to_7seg_0/U0/seg[5]_INST_0/O
                         net (fo=1, routed)           1.807    31.198    seg_OBUF[5]
    V5                   OBUF (Prop_obuf_I_O)         3.728    34.926 r  seg_OBUF[5]_inst/O
                         net (fo=0)                   0.000    34.926    seg[5]
    V5                                                                r  seg[5] (OUT)
  -------------------------------------------------------------------    -------------------

Slack:                    inf
  Source:                 board_top_i/top_wrapper_0/U0/top_i/program_counter_0/U0/curr_addr_internal_reg[9]/C
                            (rising edge-triggered cell FDRE)
  Destination:            seg[1]
                            (output port)
  Path Group:             (none)
  Path Type:              Max at Slow Process Corner
  Data Path Delay:        34.853ns  (logic 7.640ns (21.919%)  route 27.214ns (78.081%))
  Logic Levels:           22  (FDRE=1 LUT3=3 LUT4=1 LUT5=2 LUT6=10 MUXF7=2 MUXF8=1 OBUF=1 RAMS64E=1)

    Location             Delay type                Incr(ns)  Path(ns)    Netlist Resource(s)
  -------------------------------------------------------------------    -------------------
    SLICE_X55Y15         FDRE                         0.000     0.000 r  board_top_i/top_wrapper_0/U0/top_i/program_counter_0/U0/curr_addr_internal_reg[9]/C
    SLICE_X55Y15         FDRE (Prop_fdre_C_Q)         0.456     0.456 f  board_top_i/top_wrapper_0/U0/top_i/program_counter_0/U0/curr_addr_internal_reg[9]/Q
                         net (fo=6, routed)           1.311     1.767    board_top_i/top_wrapper_0/U0/top_i/instruction_memory_0/U0/address[7]
    SLICE_X51Y11         LUT3 (Prop_lut3_I1_O)        0.124     1.891 r  board_top_i/top_wrapper_0/U0/top_i/instruction_memory_0/U0/instruction[24]_INST_0_i_1/O
                         net (fo=24, routed)          1.215     3.105    board_top_i/top_wrapper_0/U0/top_i/instruction_memory_0/U0/instruction[24]_INST_0_i_1_n_0
    SLICE_X48Y9          LUT6 (Prop_lut6_I0_O)        0.124     3.229 r  board_top_i/top_wrapper_0/U0/top_i/instruction_memory_0/U0/instruction[20]_INST_0/O
                         net (fo=259, routed)         4.323     7.552    board_top_i/top_wrapper_0/U0/top_i/register_file_0/U0/read_addr2[0]
    SLICE_X58Y7          LUT6 (Prop_lut6_I4_O)        0.124     7.676 r  board_top_i/top_wrapper_0/U0/top_i/register_file_0/U0/data2[3]_INST_0_i_7/O
                         net (fo=1, routed)           0.000     7.676    board_top_i/top_wrapper_0/U0/top_i/register_file_0/U0/data2[3]_INST_0_i_7_n_0
    SLICE_X58Y7          MUXF7 (Prop_muxf7_I0_O)      0.212     7.888 r  board_top_i/top_wrapper_0/U0/top_i/register_file_0/U0/data2[3]_INST_0_i_2/O
                         net (fo=1, routed)           1.070     8.959    board_top_i/top_wrapper_0/U0/top_i/register_file_0/U0/data2[3]_INST_0_i_2_n_0
    SLICE_X55Y8          LUT6 (Prop_lut6_I1_O)        0.299     9.258 r  board_top_i/top_wrapper_0/U0/top_i/register_file_0/U0/data2[3]_INST_0/O
                         net (fo=8, routed)           1.487    10.745    board_top_i/top_wrapper_0/U0/top_i/alu_b_mux_0/U0/data2[3]
    SLICE_X51Y11         LUT3 (Prop_lut3_I1_O)        0.152    10.897 r  board_top_i/top_wrapper_0/U0/top_i/alu_b_mux_0/U0/alu_b[3]_INST_0/O
                         net (fo=109, routed)         2.701    13.598    board_top_i/top_wrapper_0/U0/top_i/alu_0/U0/b[3]
    SLICE_X40Y16         LUT5 (Prop_lut5_I1_O)        0.326    13.924 r  board_top_i/top_wrapper_0/U0/top_i/alu_0/U0/result[10]_INST_0_i_8/O
                         net (fo=4, routed)           0.833    14.757    board_top_i/top_wrapper_0/U0/top_i/alu_0/U0/result[10]_INST_0_i_8_n_0
    SLICE_X39Y16         LUT6 (Prop_lut6_I0_O)        0.124    14.881 r  board_top_i/top_wrapper_0/U0/top_i/alu_0/U0/result[4]_INST_0_i_4/O
                         net (fo=2, routed)           0.984    15.865    board_top_i/top_wrapper_0/U0/top_i/alu_0/U0/result[4]_INST_0_i_4_n_0
    SLICE_X38Y14         LUT6 (Prop_lut6_I4_O)        0.124    15.989 r  board_top_i/top_wrapper_0/U0/top_i/alu_0/U0/result[4]_INST_0_i_1/O
                         net (fo=1, routed)           1.018    17.008    board_top_i/top_wrapper_0/U0/top_i/alu_0/U0/result[4]_INST_0_i_1_n_0
    SLICE_X39Y12         LUT6 (Prop_lut6_I0_O)        0.124    17.132 r  board_top_i/top_wrapper_0/U0/top_i/alu_0/U0/result[4]_INST_0/O
                         net (fo=131, routed)         3.695    20.826    board_top_i/top_wrapper_0/U0/top_i/data_memory_0/U0/data_memory_registers_reg_0_255_23_23/A2
    SLICE_X54Y15         RAMS64E (Prop_rams64e_ADR2_O)
                                                      0.326    21.153 r  board_top_i/top_wrapper_0/U0/top_i/data_memory_0/U0/data_memory_registers_reg_0_255_23_23/RAMS64E_A/O
                         net (fo=1, routed)           0.000    21.153    board_top_i/top_wrapper_0/U0/top_i/data_memory_0/U0/data_memory_registers_reg_0_255_23_23/OA
    SLICE_X54Y15         MUXF7 (Prop_muxf7_I1_O)      0.214    21.367 r  board_top_i/top_wrapper_0/U0/top_i/data_memory_0/U0/data_memory_registers_reg_0_255_23_23/F7.A/O
                         net (fo=1, routed)           0.000    21.367    board_top_i/top_wrapper_0/U0/top_i/data_memory_0/U0/data_memory_registers_reg_0_255_23_23/O1
    SLICE_X54Y15         MUXF8 (Prop_muxf8_I1_O)      0.088    21.455 r  board_top_i/top_wrapper_0/U0/top_i/data_memory_0/U0/data_memory_registers_reg_0_255_23_23/F8/O
                         net (fo=3, routed)           0.971    22.426    board_top_i/top_wrapper_0/U0/top_i/data_memory_0/U0/data0[23]
    SLICE_X59Y13         LUT6 (Prop_lut6_I5_O)        0.319    22.745 r  board_top_i/top_wrapper_0/U0/top_i/data_memory_0/U0/data[7]_INST_0_i_1/O
                         net (fo=1, routed)           0.151    22.897    board_top_i/top_wrapper_0/U0/top_i/data_memory_0/U0/data[7]_INST_0_i_1_n_0
    SLICE_X59Y13         LUT6 (Prop_lut6_I5_O)        0.124    23.021 r  board_top_i/top_wrapper_0/U0/top_i/data_memory_0/U0/data[7]_INST_0/O
                         net (fo=25, routed)          1.577    24.597    board_top_i/top_wrapper_0/U0/top_i/load_extender_0/U0/raw_data[7]
    SLICE_X50Y15         LUT6 (Prop_lut6_I4_O)        0.124    24.721 r  board_top_i/top_wrapper_0/U0/top_i/load_extender_0/U0/extended[21]_INST_0/O
                         net (fo=1, routed)           1.146    25.868    board_top_i/top_wrapper_0/U0/top_i/writeback_mux_0/U0/data[21]
    SLICE_X50Y19         LUT5 (Prop_lut5_I0_O)        0.124    25.992 r  board_top_i/top_wrapper_0/U0/top_i/writeback_mux_0/U0/writeback[21]_INST_0/O
                         net (fo=32, routed)          1.126    27.118    board_top_i/led_select_mux_0/U0/writeback[21]
    SLICE_X54Y17         LUT3 (Prop_lut3_I0_O)        0.150    27.268 r  board_top_i/led_select_mux_0/U0/led[5]_INST_0/O
                         net (fo=1, routed)           0.659    27.927    board_top_i/seven_seg_controller_0/U0/value[5]
    SLICE_X55Y17         LUT6 (Prop_lut6_I0_O)        0.328    28.255 r  board_top_i/seven_seg_controller_0/U0/hex_digit[1]_INST_0/O
                         net (fo=7, routed)           1.051    29.306    board_top_i/hex_to_7seg_0/U0/hex_digit[1]
    SLICE_X59Y17         LUT4 (Prop_lut4_I2_O)        0.124    29.430 r  board_top_i/hex_to_7seg_0/U0/seg[1]_INST_0/O
                         net (fo=1, routed)           1.894    31.324    seg_OBUF[1]
    W6                   OBUF (Prop_obuf_I_O)         3.529    34.853 r  seg_OBUF[1]_inst/O
                         net (fo=0)                   0.000    34.853    seg[1]
    W6                                                                r  seg[1] (OUT)
  -------------------------------------------------------------------    -------------------

Slack:                    inf
  Source:                 board_top_i/top_wrapper_0/U0/top_i/program_counter_0/U0/curr_addr_internal_reg[9]/C
                            (rising edge-triggered cell FDRE)
  Destination:            seg[4]
                            (output port)
  Path Group:             (none)
  Path Type:              Max at Slow Process Corner
  Data Path Delay:        34.570ns  (logic 7.630ns (22.072%)  route 26.939ns (77.928%))
  Logic Levels:           22  (FDRE=1 LUT3=3 LUT4=1 LUT5=2 LUT6=10 MUXF7=2 MUXF8=1 OBUF=1 RAMS64E=1)

    Location             Delay type                Incr(ns)  Path(ns)    Netlist Resource(s)
  -------------------------------------------------------------------    -------------------
    SLICE_X55Y15         FDRE                         0.000     0.000 r  board_top_i/top_wrapper_0/U0/top_i/program_counter_0/U0/curr_addr_internal_reg[9]/C
    SLICE_X55Y15         FDRE (Prop_fdre_C_Q)         0.456     0.456 f  board_top_i/top_wrapper_0/U0/top_i/program_counter_0/U0/curr_addr_internal_reg[9]/Q
                         net (fo=6, routed)           1.311     1.767    board_top_i/top_wrapper_0/U0/top_i/instruction_memory_0/U0/address[7]
    SLICE_X51Y11         LUT3 (Prop_lut3_I1_O)        0.124     1.891 r  board_top_i/top_wrapper_0/U0/top_i/instruction_memory_0/U0/instruction[24]_INST_0_i_1/O
                         net (fo=24, routed)          1.215     3.105    board_top_i/top_wrapper_0/U0/top_i/instruction_memory_0/U0/instruction[24]_INST_0_i_1_n_0
    SLICE_X48Y9          LUT6 (Prop_lut6_I0_O)        0.124     3.229 r  board_top_i/top_wrapper_0/U0/top_i/instruction_memory_0/U0/instruction[20]_INST_0/O
                         net (fo=259, routed)         4.323     7.552    board_top_i/top_wrapper_0/U0/top_i/register_file_0/U0/read_addr2[0]
    SLICE_X58Y7          LUT6 (Prop_lut6_I4_O)        0.124     7.676 r  board_top_i/top_wrapper_0/U0/top_i/register_file_0/U0/data2[3]_INST_0_i_7/O
                         net (fo=1, routed)           0.000     7.676    board_top_i/top_wrapper_0/U0/top_i/register_file_0/U0/data2[3]_INST_0_i_7_n_0
    SLICE_X58Y7          MUXF7 (Prop_muxf7_I0_O)      0.212     7.888 r  board_top_i/top_wrapper_0/U0/top_i/register_file_0/U0/data2[3]_INST_0_i_2/O
                         net (fo=1, routed)           1.070     8.959    board_top_i/top_wrapper_0/U0/top_i/register_file_0/U0/data2[3]_INST_0_i_2_n_0
    SLICE_X55Y8          LUT6 (Prop_lut6_I1_O)        0.299     9.258 r  board_top_i/top_wrapper_0/U0/top_i/register_file_0/U0/data2[3]_INST_0/O
                         net (fo=8, routed)           1.487    10.745    board_top_i/top_wrapper_0/U0/top_i/alu_b_mux_0/U0/data2[3]
    SLICE_X51Y11         LUT3 (Prop_lut3_I1_O)        0.152    10.897 r  board_top_i/top_wrapper_0/U0/top_i/alu_b_mux_0/U0/alu_b[3]_INST_0/O
                         net (fo=109, routed)         2.701    13.598    board_top_i/top_wrapper_0/U0/top_i/alu_0/U0/b[3]
    SLICE_X40Y16         LUT5 (Prop_lut5_I1_O)        0.326    13.924 r  board_top_i/top_wrapper_0/U0/top_i/alu_0/U0/result[10]_INST_0_i_8/O
                         net (fo=4, routed)           0.833    14.757    board_top_i/top_wrapper_0/U0/top_i/alu_0/U0/result[10]_INST_0_i_8_n_0
    SLICE_X39Y16         LUT6 (Prop_lut6_I0_O)        0.124    14.881 r  board_top_i/top_wrapper_0/U0/top_i/alu_0/U0/result[4]_INST_0_i_4/O
                         net (fo=2, routed)           0.984    15.865    board_top_i/top_wrapper_0/U0/top_i/alu_0/U0/result[4]_INST_0_i_4_n_0
    SLICE_X38Y14         LUT6 (Prop_lut6_I4_O)        0.124    15.989 r  board_top_i/top_wrapper_0/U0/top_i/alu_0/U0/result[4]_INST_0_i_1/O
                         net (fo=1, routed)           1.018    17.008    board_top_i/top_wrapper_0/U0/top_i/alu_0/U0/result[4]_INST_0_i_1_n_0
    SLICE_X39Y12         LUT6 (Prop_lut6_I0_O)        0.124    17.132 r  board_top_i/top_wrapper_0/U0/top_i/alu_0/U0/result[4]_INST_0/O
                         net (fo=131, routed)         3.695    20.826    board_top_i/top_wrapper_0/U0/top_i/data_memory_0/U0/data_memory_registers_reg_0_255_23_23/A2
    SLICE_X54Y15         RAMS64E (Prop_rams64e_ADR2_O)
                                                      0.326    21.153 f  board_top_i/top_wrapper_0/U0/top_i/data_memory_0/U0/data_memory_registers_reg_0_255_23_23/RAMS64E_A/O
                         net (fo=1, routed)           0.000    21.153    board_top_i/top_wrapper_0/U0/top_i/data_memory_0/U0/data_memory_registers_reg_0_255_23_23/OA
    SLICE_X54Y15         MUXF7 (Prop_muxf7_I1_O)      0.214    21.367 f  board_top_i/top_wrapper_0/U0/top_i/data_memory_0/U0/data_memory_registers_reg_0_255_23_23/F7.A/O
                         net (fo=1, routed)           0.000    21.367    board_top_i/top_wrapper_0/U0/top_i/data_memory_0/U0/data_memory_registers_reg_0_255_23_23/O1
    SLICE_X54Y15         MUXF8 (Prop_muxf8_I1_O)      0.088    21.455 f  board_top_i/top_wrapper_0/U0/top_i/data_memory_0/U0/data_memory_registers_reg_0_255_23_23/F8/O
                         net (fo=3, routed)           0.971    22.426    board_top_i/top_wrapper_0/U0/top_i/data_memory_0/U0/data0[23]
    SLICE_X59Y13         LUT6 (Prop_lut6_I5_O)        0.319    22.745 f  board_top_i/top_wrapper_0/U0/top_i/data_memory_0/U0/data[7]_INST_0_i_1/O
                         net (fo=1, routed)           0.151    22.897    board_top_i/top_wrapper_0/U0/top_i/data_memory_0/U0/data[7]_INST_0_i_1_n_0
    SLICE_X59Y13         LUT6 (Prop_lut6_I5_O)        0.124    23.021 f  board_top_i/top_wrapper_0/U0/top_i/data_memory_0/U0/data[7]_INST_0/O
                         net (fo=25, routed)          1.577    24.597    board_top_i/top_wrapper_0/U0/top_i/load_extender_0/U0/raw_data[7]
    SLICE_X50Y15         LUT6 (Prop_lut6_I4_O)        0.124    24.721 f  board_top_i/top_wrapper_0/U0/top_i/load_extender_0/U0/extended[21]_INST_0/O
                         net (fo=1, routed)           1.146    25.868    board_top_i/top_wrapper_0/U0/top_i/writeback_mux_0/U0/data[21]
    SLICE_X50Y19         LUT5 (Prop_lut5_I0_O)        0.124    25.992 f  board_top_i/top_wrapper_0/U0/top_i/writeback_mux_0/U0/writeback[21]_INST_0/O
                         net (fo=32, routed)          1.126    27.118    board_top_i/led_select_mux_0/U0/writeback[21]
    SLICE_X54Y17         LUT3 (Prop_lut3_I0_O)        0.150    27.268 f  board_top_i/led_select_mux_0/U0/led[5]_INST_0/O
                         net (fo=1, routed)           0.659    27.927    board_top_i/seven_seg_controller_0/U0/value[5]
    SLICE_X55Y17         LUT6 (Prop_lut6_I0_O)        0.328    28.255 f  board_top_i/seven_seg_controller_0/U0/hex_digit[1]_INST_0/O
                         net (fo=7, routed)           0.985    29.240    board_top_i/hex_to_7seg_0/U0/hex_digit[1]
    SLICE_X60Y17         LUT4 (Prop_lut4_I1_O)        0.124    29.364 r  board_top_i/hex_to_7seg_0/U0/seg[4]_INST_0/O
                         net (fo=1, routed)           1.685    31.050    seg_OBUF[4]
    U5                   OBUF (Prop_obuf_I_O)         3.520    34.570 r  seg_OBUF[4]_inst/O
                         net (fo=0)                   0.000    34.570    seg[4]
    U5                                                                r  seg[4] (OUT)
  -------------------------------------------------------------------    -------------------

Slack:                    inf
  Source:                 board_top_i/top_wrapper_0/U0/top_i/program_counter_0/U0/curr_addr_internal_reg[9]/C
                            (rising edge-triggered cell FDRE)
  Destination:            board_top_i/top_wrapper_0/U0/top_i/register_file_0/U0/registers_reg[1][24]/D
  Path Group:             (none)
  Path Type:              Max at Slow Process Corner
  Data Path Delay:        28.204ns  (logic 3.508ns (12.440%)  route 24.695ns (87.560%))
  Logic Levels:           18  (FDRE=1 LUT3=2 LUT5=2 LUT6=9 MUXF7=2 MUXF8=1 RAMS64E=1)

    Location             Delay type                Incr(ns)  Path(ns)    Netlist Resource(s)
  -------------------------------------------------------------------    -------------------
    SLICE_X55Y15         FDRE                         0.000     0.000 r  board_top_i/top_wrapper_0/U0/top_i/program_counter_0/U0/curr_addr_internal_reg[9]/C
    SLICE_X55Y15         FDRE (Prop_fdre_C_Q)         0.456     0.456 f  board_top_i/top_wrapper_0/U0/top_i/program_counter_0/U0/curr_addr_internal_reg[9]/Q
                         net (fo=6, routed)           1.311     1.767    board_top_i/top_wrapper_0/U0/top_i/instruction_memory_0/U0/address[7]
    SLICE_X51Y11         LUT3 (Prop_lut3_I1_O)        0.124     1.891 r  board_top_i/top_wrapper_0/U0/top_i/instruction_memory_0/U0/instruction[24]_INST_0_i_1/O
                         net (fo=24, routed)          1.215     3.105    board_top_i/top_wrapper_0/U0/top_i/instruction_memory_0/U0/instruction[24]_INST_0_i_1_n_0
    SLICE_X48Y9          LUT6 (Prop_lut6_I0_O)        0.124     3.229 r  board_top_i/top_wrapper_0/U0/top_i/instruction_memory_0/U0/instruction[20]_INST_0/O
                         net (fo=259, routed)         4.323     7.552    board_top_i/top_wrapper_0/U0/top_i/register_file_0/U0/read_addr2[0]
    SLICE_X58Y7          LUT6 (Prop_lut6_I4_O)        0.124     7.676 r  board_top_i/top_wrapper_0/U0/top_i/register_file_0/U0/data2[3]_INST_0_i_7/O
                         net (fo=1, routed)           0.000     7.676    board_top_i/top_wrapper_0/U0/top_i/register_file_0/U0/data2[3]_INST_0_i_7_n_0
    SLICE_X58Y7          MUXF7 (Prop_muxf7_I0_O)      0.212     7.888 r  board_top_i/top_wrapper_0/U0/top_i/register_file_0/U0/data2[3]_INST_0_i_2/O
                         net (fo=1, routed)           1.070     8.959    board_top_i/top_wrapper_0/U0/top_i/register_file_0/U0/data2[3]_INST_0_i_2_n_0
    SLICE_X55Y8          LUT6 (Prop_lut6_I1_O)        0.299     9.258 r  board_top_i/top_wrapper_0/U0/top_i/register_file_0/U0/data2[3]_INST_0/O
                         net (fo=8, routed)           1.487    10.745    board_top_i/top_wrapper_0/U0/top_i/alu_b_mux_0/U0/data2[3]
    SLICE_X51Y11         LUT3 (Prop_lut3_I1_O)        0.152    10.897 r  board_top_i/top_wrapper_0/U0/top_i/alu_b_mux_0/U0/alu_b[3]_INST_0/O
                         net (fo=109, routed)         2.701    13.598    board_top_i/top_wrapper_0/U0/top_i/alu_0/U0/b[3]
    SLICE_X40Y16         LUT5 (Prop_lut5_I1_O)        0.326    13.924 r  board_top_i/top_wrapper_0/U0/top_i/alu_0/U0/result[10]_INST_0_i_8/O
                         net (fo=4, routed)           0.833    14.757    board_top_i/top_wrapper_0/U0/top_i/alu_0/U0/result[10]_INST_0_i_8_n_0
    SLICE_X39Y16         LUT6 (Prop_lut6_I0_O)        0.124    14.881 r  board_top_i/top_wrapper_0/U0/top_i/alu_0/U0/result[4]_INST_0_i_4/O
                         net (fo=2, routed)           0.984    15.865    board_top_i/top_wrapper_0/U0/top_i/alu_0/U0/result[4]_INST_0_i_4_n_0
    SLICE_X38Y14         LUT6 (Prop_lut6_I4_O)        0.124    15.989 r  board_top_i/top_wrapper_0/U0/top_i/alu_0/U0/result[4]_INST_0_i_1/O
                         net (fo=1, routed)           1.018    17.008    board_top_i/top_wrapper_0/U0/top_i/alu_0/U0/result[4]_INST_0_i_1_n_0
    SLICE_X39Y12         LUT6 (Prop_lut6_I0_O)        0.124    17.132 r  board_top_i/top_wrapper_0/U0/top_i/alu_0/U0/result[4]_INST_0/O
                         net (fo=131, routed)         3.695    20.826    board_top_i/top_wrapper_0/U0/top_i/data_memory_0/U0/data_memory_registers_reg_0_255_23_23/A2
    SLICE_X54Y15         RAMS64E (Prop_rams64e_ADR2_O)
                                                      0.326    21.153 r  board_top_i/top_wrapper_0/U0/top_i/data_memory_0/U0/data_memory_registers_reg_0_255_23_23/RAMS64E_A/O
                         net (fo=1, routed)           0.000    21.153    board_top_i/top_wrapper_0/U0/top_i/data_memory_0/U0/data_memory_registers_reg_0_255_23_23/OA
    SLICE_X54Y15         MUXF7 (Prop_muxf7_I1_O)      0.214    21.367 r  board_top_i/top_wrapper_0/U0/top_i/data_memory_0/U0/data_memory_registers_reg_0_255_23_23/F7.A/O
                         net (fo=1, routed)           0.000    21.367    board_top_i/top_wrapper_0/U0/top_i/data_memory_0/U0/data_memory_registers_reg_0_255_23_23/O1
    SLICE_X54Y15         MUXF8 (Prop_muxf8_I1_O)      0.088    21.455 r  board_top_i/top_wrapper_0/U0/top_i/data_memory_0/U0/data_memory_registers_reg_0_255_23_23/F8/O
                         net (fo=3, routed)           0.971    22.426    board_top_i/top_wrapper_0/U0/top_i/data_memory_0/U0/data0[23]
    SLICE_X59Y13         LUT6 (Prop_lut6_I5_O)        0.319    22.745 r  board_top_i/top_wrapper_0/U0/top_i/data_memory_0/U0/data[7]_INST_0_i_1/O
                         net (fo=1, routed)           0.151    22.897    board_top_i/top_wrapper_0/U0/top_i/data_memory_0/U0/data[7]_INST_0_i_1_n_0
    SLICE_X59Y13         LUT6 (Prop_lut6_I5_O)        0.124    23.021 r  board_top_i/top_wrapper_0/U0/top_i/data_memory_0/U0/data[7]_INST_0/O
                         net (fo=25, routed)          1.576    24.596    board_top_i/top_wrapper_0/U0/top_i/load_extender_0/U0/raw_data[7]
    SLICE_X54Y16         LUT6 (Prop_lut6_I4_O)        0.124    24.720 r  board_top_i/top_wrapper_0/U0/top_i/load_extender_0/U0/extended[24]_INST_0/O
                         net (fo=1, routed)           0.823    25.544    board_top_i/top_wrapper_0/U0/top_i/writeback_mux_0/U0/data[24]
    SLICE_X54Y18         LUT5 (Prop_lut5_I0_O)        0.124    25.668 r  board_top_i/top_wrapper_0/U0/top_i/writeback_mux_0/U0/writeback[24]_INST_0/O
                         net (fo=32, routed)          2.536    28.204    board_top_i/top_wrapper_0/U0/top_i/register_file_0/U0/write_data[24]
    SLICE_X59Y24         FDRE                                         r  board_top_i/top_wrapper_0/U0/top_i/register_file_0/U0/registers_reg[1][24]/D
  -------------------------------------------------------------------    -------------------

Slack:                    inf
  Source:                 board_top_i/top_wrapper_0/U0/top_i/program_counter_0/U0/curr_addr_internal_reg[9]/C
                            (rising edge-triggered cell FDRE)
  Destination:            board_top_i/top_wrapper_0/U0/top_i/register_file_0/U0/registers_reg[17][25]/D
  Path Group:             (none)
  Path Type:              Max at Slow Process Corner
  Data Path Delay:        28.195ns  (logic 3.508ns (12.444%)  route 24.687ns (87.556%))
  Logic Levels:           18  (FDRE=1 LUT3=2 LUT5=2 LUT6=9 MUXF7=2 MUXF8=1 RAMS64E=1)

    Location             Delay type                Incr(ns)  Path(ns)    Netlist Resource(s)
  -------------------------------------------------------------------    -------------------
    SLICE_X55Y15         FDRE                         0.000     0.000 r  board_top_i/top_wrapper_0/U0/top_i/program_counter_0/U0/curr_addr_internal_reg[9]/C
    SLICE_X55Y15         FDRE (Prop_fdre_C_Q)         0.456     0.456 f  board_top_i/top_wrapper_0/U0/top_i/program_counter_0/U0/curr_addr_internal_reg[9]/Q
                         net (fo=6, routed)           1.311     1.767    board_top_i/top_wrapper_0/U0/top_i/instruction_memory_0/U0/address[7]
    SLICE_X51Y11         LUT3 (Prop_lut3_I1_O)        0.124     1.891 r  board_top_i/top_wrapper_0/U0/top_i/instruction_memory_0/U0/instruction[24]_INST_0_i_1/O
                         net (fo=24, routed)          1.215     3.105    board_top_i/top_wrapper_0/U0/top_i/instruction_memory_0/U0/instruction[24]_INST_0_i_1_n_0
    SLICE_X48Y9          LUT6 (Prop_lut6_I0_O)        0.124     3.229 r  board_top_i/top_wrapper_0/U0/top_i/instruction_memory_0/U0/instruction[20]_INST_0/O
                         net (fo=259, routed)         4.323     7.552    board_top_i/top_wrapper_0/U0/top_i/register_file_0/U0/read_addr2[0]
    SLICE_X58Y7          LUT6 (Prop_lut6_I4_O)        0.124     7.676 r  board_top_i/top_wrapper_0/U0/top_i/register_file_0/U0/data2[3]_INST_0_i_7/O
                         net (fo=1, routed)           0.000     7.676    board_top_i/top_wrapper_0/U0/top_i/register_file_0/U0/data2[3]_INST_0_i_7_n_0
    SLICE_X58Y7          MUXF7 (Prop_muxf7_I0_O)      0.212     7.888 r  board_top_i/top_wrapper_0/U0/top_i/register_file_0/U0/data2[3]_INST_0_i_2/O
                         net (fo=1, routed)           1.070     8.959    board_top_i/top_wrapper_0/U0/top_i/register_file_0/U0/data2[3]_INST_0_i_2_n_0
    SLICE_X55Y8          LUT6 (Prop_lut6_I1_O)        0.299     9.258 r  board_top_i/top_wrapper_0/U0/top_i/register_file_0/U0/data2[3]_INST_0/O
                         net (fo=8, routed)           1.487    10.745    board_top_i/top_wrapper_0/U0/top_i/alu_b_mux_0/U0/data2[3]
    SLICE_X51Y11         LUT3 (Prop_lut3_I1_O)        0.152    10.897 r  board_top_i/top_wrapper_0/U0/top_i/alu_b_mux_0/U0/alu_b[3]_INST_0/O
                         net (fo=109, routed)         2.701    13.598    board_top_i/top_wrapper_0/U0/top_i/alu_0/U0/b[3]
    SLICE_X40Y16         LUT5 (Prop_lut5_I1_O)        0.326    13.924 r  board_top_i/top_wrapper_0/U0/top_i/alu_0/U0/result[10]_INST_0_i_8/O
                         net (fo=4, routed)           0.833    14.757    board_top_i/top_wrapper_0/U0/top_i/alu_0/U0/result[10]_INST_0_i_8_n_0
    SLICE_X39Y16         LUT6 (Prop_lut6_I0_O)        0.124    14.881 r  board_top_i/top_wrapper_0/U0/top_i/alu_0/U0/result[4]_INST_0_i_4/O
                         net (fo=2, routed)           0.984    15.865    board_top_i/top_wrapper_0/U0/top_i/alu_0/U0/result[4]_INST_0_i_4_n_0
    SLICE_X38Y14         LUT6 (Prop_lut6_I4_O)        0.124    15.989 r  board_top_i/top_wrapper_0/U0/top_i/alu_0/U0/result[4]_INST_0_i_1/O
                         net (fo=1, routed)           1.018    17.008    board_top_i/top_wrapper_0/U0/top_i/alu_0/U0/result[4]_INST_0_i_1_n_0
    SLICE_X39Y12         LUT6 (Prop_lut6_I0_O)        0.124    17.132 r  board_top_i/top_wrapper_0/U0/top_i/alu_0/U0/result[4]_INST_0/O
                         net (fo=131, routed)         3.695    20.826    board_top_i/top_wrapper_0/U0/top_i/data_memory_0/U0/data_memory_registers_reg_0_255_23_23/A2
    SLICE_X54Y15         RAMS64E (Prop_rams64e_ADR2_O)
                                                      0.326    21.153 r  board_top_i/top_wrapper_0/U0/top_i/data_memory_0/U0/data_memory_registers_reg_0_255_23_23/RAMS64E_A/O
                         net (fo=1, routed)           0.000    21.153    board_top_i/top_wrapper_0/U0/top_i/data_memory_0/U0/data_memory_registers_reg_0_255_23_23/OA
    SLICE_X54Y15         MUXF7 (Prop_muxf7_I1_O)      0.214    21.367 r  board_top_i/top_wrapper_0/U0/top_i/data_memory_0/U0/data_memory_registers_reg_0_255_23_23/F7.A/O
                         net (fo=1, routed)           0.000    21.367    board_top_i/top_wrapper_0/U0/top_i/data_memory_0/U0/data_memory_registers_reg_0_255_23_23/O1
    SLICE_X54Y15         MUXF8 (Prop_muxf8_I1_O)      0.088    21.455 r  board_top_i/top_wrapper_0/U0/top_i/data_memory_0/U0/data_memory_registers_reg_0_255_23_23/F8/O
                         net (fo=3, routed)           0.971    22.426    board_top_i/top_wrapper_0/U0/top_i/data_memory_0/U0/data0[23]
    SLICE_X59Y13         LUT6 (Prop_lut6_I5_O)        0.319    22.745 r  board_top_i/top_wrapper_0/U0/top_i/data_memory_0/U0/data[7]_INST_0_i_1/O
                         net (fo=1, routed)           0.151    22.897    board_top_i/top_wrapper_0/U0/top_i/data_memory_0/U0/data[7]_INST_0_i_1_n_0
    SLICE_X59Y13         LUT6 (Prop_lut6_I5_O)        0.124    23.021 r  board_top_i/top_wrapper_0/U0/top_i/data_memory_0/U0/data[7]_INST_0/O
                         net (fo=25, routed)          1.381    24.402    board_top_i/top_wrapper_0/U0/top_i/load_extender_0/U0/raw_data[7]
    SLICE_X55Y13         LUT6 (Prop_lut6_I4_O)        0.124    24.526 r  board_top_i/top_wrapper_0/U0/top_i/load_extender_0/U0/extended[25]_INST_0/O
                         net (fo=1, routed)           0.958    25.484    board_top_i/top_wrapper_0/U0/top_i/writeback_mux_0/U0/data[25]
    SLICE_X50Y19         LUT5 (Prop_lut5_I0_O)        0.124    25.608 r  board_top_i/top_wrapper_0/U0/top_i/writeback_mux_0/U0/writeback[25]_INST_0/O
                         net (fo=32, routed)          2.588    28.195    board_top_i/top_wrapper_0/U0/top_i/register_file_0/U0/write_data[25]
    SLICE_X47Y20         FDRE                                         r  board_top_i/top_wrapper_0/U0/top_i/register_file_0/U0/registers_reg[17][25]/D
  -------------------------------------------------------------------    -------------------

Slack:                    inf
  Source:                 board_top_i/top_wrapper_0/U0/top_i/program_counter_0/U0/curr_addr_internal_reg[9]/C
                            (rising edge-triggered cell FDRE)
  Destination:            board_top_i/top_wrapper_0/U0/top_i/register_file_0/U0/registers_reg[19][25]/D
  Path Group:             (none)
  Path Type:              Max at Slow Process Corner
  Data Path Delay:        28.195ns  (logic 3.508ns (12.444%)  route 24.687ns (87.556%))
  Logic Levels:           18  (FDRE=1 LUT3=2 LUT5=2 LUT6=9 MUXF7=2 MUXF8=1 RAMS64E=1)

    Location             Delay type                Incr(ns)  Path(ns)    Netlist Resource(s)
  -------------------------------------------------------------------    -------------------
    SLICE_X55Y15         FDRE                         0.000     0.000 r  board_top_i/top_wrapper_0/U0/top_i/program_counter_0/U0/curr_addr_internal_reg[9]/C
    SLICE_X55Y15         FDRE (Prop_fdre_C_Q)         0.456     0.456 f  board_top_i/top_wrapper_0/U0/top_i/program_counter_0/U0/curr_addr_internal_reg[9]/Q
                         net (fo=6, routed)           1.311     1.767    board_top_i/top_wrapper_0/U0/top_i/instruction_memory_0/U0/address[7]
    SLICE_X51Y11         LUT3 (Prop_lut3_I1_O)        0.124     1.891 r  board_top_i/top_wrapper_0/U0/top_i/instruction_memory_0/U0/instruction[24]_INST_0_i_1/O
                         net (fo=24, routed)          1.215     3.105    board_top_i/top_wrapper_0/U0/top_i/instruction_memory_0/U0/instruction[24]_INST_0_i_1_n_0
    SLICE_X48Y9          LUT6 (Prop_lut6_I0_O)        0.124     3.229 r  board_top_i/top_wrapper_0/U0/top_i/instruction_memory_0/U0/instruction[20]_INST_0/O
                         net (fo=259, routed)         4.323     7.552    board_top_i/top_wrapper_0/U0/top_i/register_file_0/U0/read_addr2[0]
    SLICE_X58Y7          LUT6 (Prop_lut6_I4_O)        0.124     7.676 r  board_top_i/top_wrapper_0/U0/top_i/register_file_0/U0/data2[3]_INST_0_i_7/O
                         net (fo=1, routed)           0.000     7.676    board_top_i/top_wrapper_0/U0/top_i/register_file_0/U0/data2[3]_INST_0_i_7_n_0
    SLICE_X58Y7          MUXF7 (Prop_muxf7_I0_O)      0.212     7.888 r  board_top_i/top_wrapper_0/U0/top_i/register_file_0/U0/data2[3]_INST_0_i_2/O
                         net (fo=1, routed)           1.070     8.959    board_top_i/top_wrapper_0/U0/top_i/register_file_0/U0/data2[3]_INST_0_i_2_n_0
    SLICE_X55Y8          LUT6 (Prop_lut6_I1_O)        0.299     9.258 r  board_top_i/top_wrapper_0/U0/top_i/register_file_0/U0/data2[3]_INST_0/O
                         net (fo=8, routed)           1.487    10.745    board_top_i/top_wrapper_0/U0/top_i/alu_b_mux_0/U0/data2[3]
    SLICE_X51Y11         LUT3 (Prop_lut3_I1_O)        0.152    10.897 r  board_top_i/top_wrapper_0/U0/top_i/alu_b_mux_0/U0/alu_b[3]_INST_0/O
                         net (fo=109, routed)         2.701    13.598    board_top_i/top_wrapper_0/U0/top_i/alu_0/U0/b[3]
    SLICE_X40Y16         LUT5 (Prop_lut5_I1_O)        0.326    13.924 r  board_top_i/top_wrapper_0/U0/top_i/alu_0/U0/result[10]_INST_0_i_8/O
                         net (fo=4, routed)           0.833    14.757    board_top_i/top_wrapper_0/U0/top_i/alu_0/U0/result[10]_INST_0_i_8_n_0
    SLICE_X39Y16         LUT6 (Prop_lut6_I0_O)        0.124    14.881 r  board_top_i/top_wrapper_0/U0/top_i/alu_0/U0/result[4]_INST_0_i_4/O
                         net (fo=2, routed)           0.984    15.865    board_top_i/top_wrapper_0/U0/top_i/alu_0/U0/result[4]_INST_0_i_4_n_0
    SLICE_X38Y14         LUT6 (Prop_lut6_I4_O)        0.124    15.989 r  board_top_i/top_wrapper_0/U0/top_i/alu_0/U0/result[4]_INST_0_i_1/O
                         net (fo=1, routed)           1.018    17.008    board_top_i/top_wrapper_0/U0/top_i/alu_0/U0/result[4]_INST_0_i_1_n_0
    SLICE_X39Y12         LUT6 (Prop_lut6_I0_O)        0.124    17.132 r  board_top_i/top_wrapper_0/U0/top_i/alu_0/U0/result[4]_INST_0/O
                         net (fo=131, routed)         3.695    20.826    board_top_i/top_wrapper_0/U0/top_i/data_memory_0/U0/data_memory_registers_reg_0_255_23_23/A2
    SLICE_X54Y15         RAMS64E (Prop_rams64e_ADR2_O)
                                                      0.326    21.153 r  board_top_i/top_wrapper_0/U0/top_i/data_memory_0/U0/data_memory_registers_reg_0_255_23_23/RAMS64E_A/O
                         net (fo=1, routed)           0.000    21.153    board_top_i/top_wrapper_0/U0/top_i/data_memory_0/U0/data_memory_registers_reg_0_255_23_23/OA
    SLICE_X54Y15         MUXF7 (Prop_muxf7_I1_O)      0.214    21.367 r  board_top_i/top_wrapper_0/U0/top_i/data_memory_0/U0/data_memory_registers_reg_0_255_23_23/F7.A/O
                         net (fo=1, routed)           0.000    21.367    board_top_i/top_wrapper_0/U0/top_i/data_memory_0/U0/data_memory_registers_reg_0_255_23_23/O1
    SLICE_X54Y15         MUXF8 (Prop_muxf8_I1_O)      0.088    21.455 r  board_top_i/top_wrapper_0/U0/top_i/data_memory_0/U0/data_memory_registers_reg_0_255_23_23/F8/O
                         net (fo=3, routed)           0.971    22.426    board_top_i/top_wrapper_0/U0/top_i/data_memory_0/U0/data0[23]
    SLICE_X59Y13         LUT6 (Prop_lut6_I5_O)        0.319    22.745 r  board_top_i/top_wrapper_0/U0/top_i/data_memory_0/U0/data[7]_INST_0_i_1/O
                         net (fo=1, routed)           0.151    22.897    board_top_i/top_wrapper_0/U0/top_i/data_memory_0/U0/data[7]_INST_0_i_1_n_0
    SLICE_X59Y13         LUT6 (Prop_lut6_I5_O)        0.124    23.021 r  board_top_i/top_wrapper_0/U0/top_i/data_memory_0/U0/data[7]_INST_0/O
                         net (fo=25, routed)          1.381    24.402    board_top_i/top_wrapper_0/U0/top_i/load_extender_0/U0/raw_data[7]
    SLICE_X55Y13         LUT6 (Prop_lut6_I4_O)        0.124    24.526 r  board_top_i/top_wrapper_0/U0/top_i/load_extender_0/U0/extended[25]_INST_0/O
                         net (fo=1, routed)           0.958    25.484    board_top_i/top_wrapper_0/U0/top_i/writeback_mux_0/U0/data[25]
    SLICE_X50Y19         LUT5 (Prop_lut5_I0_O)        0.124    25.608 r  board_top_i/top_wrapper_0/U0/top_i/writeback_mux_0/U0/writeback[25]_INST_0/O
                         net (fo=32, routed)          2.588    28.195    board_top_i/top_wrapper_0/U0/top_i/register_file_0/U0/write_data[25]
    SLICE_X46Y20         FDRE                                         r  board_top_i/top_wrapper_0/U0/top_i/register_file_0/U0/registers_reg[19][25]/D
  -------------------------------------------------------------------    -------------------





Min Delay Paths
--------------------------------------------------------------------------------------
Slack:                    inf
  Source:                 board_top_i/top_wrapper_0/U0/top_i/program_counter_0/U0/curr_addr_internal_reg[0]/C
                            (rising edge-triggered cell FDRE)
  Destination:            board_top_i/top_wrapper_0/U0/top_i/program_counter_0/U0/curr_addr_internal_reg[0]/D
  Path Group:             (none)
  Path Type:              Min at Fast Process Corner
  Data Path Delay:        0.430ns  (logic 0.186ns (43.218%)  route 0.244ns (56.782%))
  Logic Levels:           2  (FDRE=1 LUT5=1)

    Location             Delay type                Incr(ns)  Path(ns)    Netlist Resource(s)
  -------------------------------------------------------------------    -------------------
    SLICE_X51Y13         FDRE                         0.000     0.000 r  board_top_i/top_wrapper_0/U0/top_i/program_counter_0/U0/curr_addr_internal_reg[0]/C
    SLICE_X51Y13         FDRE (Prop_fdre_C_Q)         0.141     0.141 r  board_top_i/top_wrapper_0/U0/top_i/program_counter_0/U0/curr_addr_internal_reg[0]/Q
                         net (fo=5, routed)           0.244     0.385    board_top_i/top_wrapper_0/U0/top_i/pc_src_mux_0/U0/pc4[0]
    SLICE_X51Y13         LUT5 (Prop_lut5_I4_O)        0.045     0.430 r  board_top_i/top_wrapper_0/U0/top_i/pc_src_mux_0/U0/pc_src[0]_INST_0/O
                         net (fo=1, routed)           0.000     0.430    board_top_i/top_wrapper_0/U0/top_i/program_counter_0/U0/next_addr[0]
    SLICE_X51Y13         FDRE                                         r  board_top_i/top_wrapper_0/U0/top_i/program_counter_0/U0/curr_addr_internal_reg[0]/D
  -------------------------------------------------------------------    -------------------

Slack:                    inf
  Source:                 board_top_i/top_wrapper_0/U0/top_i/program_counter_0/U0/curr_addr_internal_reg[6]/C
                            (rising edge-triggered cell FDRE)
  Destination:            board_top_i/top_wrapper_0/U0/top_i/program_counter_0/U0/curr_addr_internal_reg[6]/D
  Path Group:             (none)
  Path Type:              Min at Fast Process Corner
  Data Path Delay:        0.603ns  (logic 0.358ns (59.368%)  route 0.245ns (40.632%))
  Logic Levels:           3  (CARRY4=1 FDRE=1 LUT5=1)

    Location             Delay type                Incr(ns)  Path(ns)    Netlist Resource(s)
  -------------------------------------------------------------------    -------------------
    SLICE_X51Y14         FDRE                         0.000     0.000 r  board_top_i/top_wrapper_0/U0/top_i/program_counter_0/U0/curr_addr_internal_reg[6]/C
    SLICE_X51Y14         FDRE (Prop_fdre_C_Q)         0.141     0.141 r  board_top_i/top_wrapper_0/U0/top_i/program_counter_0/U0/curr_addr_internal_reg[6]/Q
                         net (fo=29, routed)          0.129     0.270    board_top_i/top_wrapper_0/U0/top_i/pc_plus_4_0/U0/pc_in[5]
    SLICE_X53Y14         CARRY4 (Prop_carry4_S[1]_O[1])
                                                      0.110     0.380 r  board_top_i/top_wrapper_0/U0/top_i/pc_plus_4_0/U0/pc_out[5]_INST_0/O[1]
                         net (fo=2, routed)           0.116     0.496    board_top_i/top_wrapper_0/U0/top_i/pc_src_mux_0/U0/pc4[6]
    SLICE_X51Y14         LUT5 (Prop_lut5_I4_O)        0.107     0.603 r  board_top_i/top_wrapper_0/U0/top_i/pc_src_mux_0/U0/pc_src[6]_INST_0/O
                         net (fo=1, routed)           0.000     0.603    board_top_i/top_wrapper_0/U0/top_i/program_counter_0/U0/next_addr[6]
    SLICE_X51Y14         FDRE                                         r  board_top_i/top_wrapper_0/U0/top_i/program_counter_0/U0/curr_addr_internal_reg[6]/D
  -------------------------------------------------------------------    -------------------

Slack:                    inf
  Source:                 board_top_i/top_wrapper_0/U0/top_i/program_counter_0/U0/curr_addr_internal_reg[16]/C
                            (rising edge-triggered cell FDRE)
  Destination:            board_top_i/top_wrapper_0/U0/top_i/program_counter_0/U0/curr_addr_internal_reg[17]/D
  Path Group:             (none)
  Path Type:              Min at Fast Process Corner
  Data Path Delay:        0.608ns  (logic 0.378ns (62.188%)  route 0.230ns (37.812%))
  Logic Levels:           3  (CARRY4=1 FDRE=1 LUT5=1)

    Location             Delay type                Incr(ns)  Path(ns)    Netlist Resource(s)
  -------------------------------------------------------------------    -------------------
    SLICE_X51Y16         FDRE                         0.000     0.000 r  board_top_i/top_wrapper_0/U0/top_i/program_counter_0/U0/curr_addr_internal_reg[16]/C
    SLICE_X51Y16         FDRE (Prop_fdre_C_Q)         0.141     0.141 r  board_top_i/top_wrapper_0/U0/top_i/program_counter_0/U0/curr_addr_internal_reg[16]/Q
                         net (fo=4, routed)           0.131     0.272    board_top_i/top_wrapper_0/U0/top_i/branch_adder_0/U0/pc[16]
    SLICE_X52Y17         CARRY4 (Prop_carry4_DI[0]_O[1])
                                                      0.129     0.401 r  board_top_i/top_wrapper_0/U0/top_i/branch_adder_0/U0/target[16]_INST_0/O[1]
                         net (fo=1, routed)           0.099     0.500    board_top_i/top_wrapper_0/U0/top_i/pc_src_mux_0/U0/branch[17]
    SLICE_X51Y17         LUT5 (Prop_lut5_I0_O)        0.108     0.608 r  board_top_i/top_wrapper_0/U0/top_i/pc_src_mux_0/U0/pc_src[17]_INST_0/O
                         net (fo=1, routed)           0.000     0.608    board_top_i/top_wrapper_0/U0/top_i/program_counter_0/U0/next_addr[17]
    SLICE_X51Y17         FDRE                                         r  board_top_i/top_wrapper_0/U0/top_i/program_counter_0/U0/curr_addr_internal_reg[17]/D
  -------------------------------------------------------------------    -------------------

Slack:                    inf
  Source:                 board_top_i/top_wrapper_0/U0/top_i/program_counter_0/U0/curr_addr_internal_reg[3]/C
                            (rising edge-triggered cell FDRE)
  Destination:            board_top_i/top_wrapper_0/U0/top_i/program_counter_0/U0/curr_addr_internal_reg[3]/D
  Path Group:             (none)
  Path Type:              Min at Fast Process Corner
  Data Path Delay:        0.613ns  (logic 0.361ns (58.860%)  route 0.252ns (41.140%))
  Logic Levels:           4  (CARRY4=1 FDRE=1 LUT2=1 LUT5=1)

    Location             Delay type                Incr(ns)  Path(ns)    Netlist Resource(s)
  -------------------------------------------------------------------    -------------------
    SLICE_X53Y12         FDRE                         0.000     0.000 r  board_top_i/top_wrapper_0/U0/top_i/program_counter_0/U0/curr_addr_internal_reg[3]/C
    SLICE_X53Y12         FDRE (Prop_fdre_C_Q)         0.141     0.141 r  board_top_i/top_wrapper_0/U0/top_i/program_counter_0/U0/curr_addr_internal_reg[3]/Q
                         net (fo=27, routed)          0.141     0.282    board_top_i/top_wrapper_0/U0/top_i/branch_adder_0/U0/pc[3]
    SLICE_X52Y13         LUT2 (Prop_lut2_I0_O)        0.045     0.327 r  board_top_i/top_wrapper_0/U0/top_i/branch_adder_0/U0/target[0]_INST_0_i_1/O
                         net (fo=1, routed)           0.000     0.327    board_top_i/top_wrapper_0/U0/top_i/branch_adder_0/U0/target[0]_INST_0_i_1_n_0
    SLICE_X52Y13         CARRY4 (Prop_carry4_S[3]_O[3])
                                                      0.064     0.391 r  board_top_i/top_wrapper_0/U0/top_i/branch_adder_0/U0/target[0]_INST_0/O[3]
                         net (fo=1, routed)           0.111     0.502    board_top_i/top_wrapper_0/U0/top_i/pc_src_mux_0/U0/branch[3]
    SLICE_X53Y12         LUT5 (Prop_lut5_I0_O)        0.111     0.613 r  board_top_i/top_wrapper_0/U0/top_i/pc_src_mux_0/U0/pc_src[3]_INST_0/O
                         net (fo=1, routed)           0.000     0.613    board_top_i/top_wrapper_0/U0/top_i/program_counter_0/U0/next_addr[3]
    SLICE_X53Y12         FDRE                                         r  board_top_i/top_wrapper_0/U0/top_i/program_counter_0/U0/curr_addr_internal_reg[3]/D
  -------------------------------------------------------------------    -------------------

Slack:                    inf
  Source:                 board_top_i/top_wrapper_0/U0/top_i/program_counter_0/U0/curr_addr_internal_reg[19]/C
                            (rising edge-triggered cell FDRE)
  Destination:            board_top_i/top_wrapper_0/U0/top_i/program_counter_0/U0/curr_addr_internal_reg[20]/D
  Path Group:             (none)
  Path Type:              Min at Fast Process Corner
  Data Path Delay:        0.627ns  (logic 0.395ns (62.971%)  route 0.232ns (37.029%))
  Logic Levels:           3  (CARRY4=1 FDRE=1 LUT5=1)

    Location             Delay type                Incr(ns)  Path(ns)    Netlist Resource(s)
  -------------------------------------------------------------------    -------------------
    SLICE_X51Y17         FDRE                         0.000     0.000 r  board_top_i/top_wrapper_0/U0/top_i/program_counter_0/U0/curr_addr_internal_reg[19]/C
    SLICE_X51Y17         FDRE (Prop_fdre_C_Q)         0.141     0.141 r  board_top_i/top_wrapper_0/U0/top_i/program_counter_0/U0/curr_addr_internal_reg[19]/Q
                         net (fo=4, routed)           0.121     0.262    board_top_i/top_wrapper_0/U0/top_i/pc_plus_4_0/U0/pc_in[18]
    SLICE_X53Y17         CARRY4 (Prop_carry4_S[2]_O[3])
                                                      0.144     0.406 r  board_top_i/top_wrapper_0/U0/top_i/pc_plus_4_0/U0/pc_out[17]_INST_0/O[3]
                         net (fo=2, routed)           0.112     0.517    board_top_i/top_wrapper_0/U0/top_i/pc_src_mux_0/U0/pc4[20]
    SLICE_X50Y17         LUT5 (Prop_lut5_I4_O)        0.110     0.627 r  board_top_i/top_wrapper_0/U0/top_i/pc_src_mux_0/U0/pc_src[20]_INST_0/O
                         net (fo=1, routed)           0.000     0.627    board_top_i/top_wrapper_0/U0/top_i/program_counter_0/U0/next_addr[20]
    SLICE_X50Y17         FDRE                                         r  board_top_i/top_wrapper_0/U0/top_i/program_counter_0/U0/curr_addr_internal_reg[20]/D
  -------------------------------------------------------------------    -------------------

Slack:                    inf
  Source:                 board_top_i/top_wrapper_0/U0/top_i/program_counter_0/U0/curr_addr_internal_reg[22]/C
                            (rising edge-triggered cell FDRE)
  Destination:            board_top_i/top_wrapper_0/U0/top_i/program_counter_0/U0/curr_addr_internal_reg[23]/D
  Path Group:             (none)
  Path Type:              Min at Fast Process Corner
  Data Path Delay:        0.635ns  (logic 0.398ns (62.689%)  route 0.237ns (37.311%))
  Logic Levels:           4  (CARRY4=1 FDRE=1 LUT2=1 LUT5=1)

    Location             Delay type                Incr(ns)  Path(ns)    Netlist Resource(s)
  -------------------------------------------------------------------    -------------------
    SLICE_X51Y18         FDRE                         0.000     0.000 r  board_top_i/top_wrapper_0/U0/top_i/program_counter_0/U0/curr_addr_internal_reg[22]/C
    SLICE_X51Y18         FDRE (Prop_fdre_C_Q)         0.141     0.141 r  board_top_i/top_wrapper_0/U0/top_i/program_counter_0/U0/curr_addr_internal_reg[22]/Q
                         net (fo=4, routed)           0.138     0.279    board_top_i/top_wrapper_0/U0/top_i/branch_adder_0/U0/pc[22]
    SLICE_X52Y18         LUT2 (Prop_lut2_I0_O)        0.045     0.324 r  board_top_i/top_wrapper_0/U0/top_i/branch_adder_0/U0/target[20]_INST_0_i_2/O
                         net (fo=1, routed)           0.000     0.324    board_top_i/top_wrapper_0/U0/top_i/branch_adder_0/U0/target[20]_INST_0_i_2_n_0
    SLICE_X52Y18         CARRY4 (Prop_carry4_S[2]_O[3])
                                                      0.101     0.425 r  board_top_i/top_wrapper_0/U0/top_i/branch_adder_0/U0/target[20]_INST_0/O[3]
                         net (fo=1, routed)           0.099     0.524    board_top_i/top_wrapper_0/U0/top_i/pc_src_mux_0/U0/branch[23]
    SLICE_X51Y18         LUT5 (Prop_lut5_I0_O)        0.111     0.635 r  board_top_i/top_wrapper_0/U0/top_i/pc_src_mux_0/U0/pc_src[23]_INST_0/O
                         net (fo=1, routed)           0.000     0.635    board_top_i/top_wrapper_0/U0/top_i/program_counter_0/U0/next_addr[23]
    SLICE_X51Y18         FDRE                                         r  board_top_i/top_wrapper_0/U0/top_i/program_counter_0/U0/curr_addr_internal_reg[23]/D
  -------------------------------------------------------------------    -------------------

Slack:                    inf
  Source:                 board_top_i/top_wrapper_0/U0/top_i/program_counter_0/U0/curr_addr_internal_reg[11]/C
                            (rising edge-triggered cell FDRE)
  Destination:            board_top_i/top_wrapper_0/U0/top_i/program_counter_0/U0/curr_addr_internal_reg[11]/D
  Path Group:             (none)
  Path Type:              Min at Fast Process Corner
  Data Path Delay:        0.641ns  (logic 0.361ns (56.310%)  route 0.280ns (43.690%))
  Logic Levels:           4  (CARRY4=1 FDRE=1 LUT2=1 LUT5=1)

    Location             Delay type                Incr(ns)  Path(ns)    Netlist Resource(s)
  -------------------------------------------------------------------    -------------------
    SLICE_X51Y15         FDRE                         0.000     0.000 r  board_top_i/top_wrapper_0/U0/top_i/program_counter_0/U0/curr_addr_internal_reg[11]/C
    SLICE_X51Y15         FDRE (Prop_fdre_C_Q)         0.141     0.141 r  board_top_i/top_wrapper_0/U0/top_i/program_counter_0/U0/curr_addr_internal_reg[11]/Q
                         net (fo=4, routed)           0.181     0.322    board_top_i/top_wrapper_0/U0/top_i/branch_adder_0/U0/pc[11]
    SLICE_X52Y15         LUT2 (Prop_lut2_I0_O)        0.045     0.367 r  board_top_i/top_wrapper_0/U0/top_i/branch_adder_0/U0/target[8]_INST_0_i_1/O
                         net (fo=1, routed)           0.000     0.367    board_top_i/top_wrapper_0/U0/top_i/branch_adder_0/U0/target[8]_INST_0_i_1_n_0
    SLICE_X52Y15         CARRY4 (Prop_carry4_S[3]_O[3])
                                                      0.064     0.431 r  board_top_i/top_wrapper_0/U0/top_i/branch_adder_0/U0/target[8]_INST_0/O[3]
                         net (fo=1, routed)           0.099     0.530    board_top_i/top_wrapper_0/U0/top_i/pc_src_mux_0/U0/branch[11]
    SLICE_X51Y15         LUT5 (Prop_lut5_I0_O)        0.111     0.641 r  board_top_i/top_wrapper_0/U0/top_i/pc_src_mux_0/U0/pc_src[11]_INST_0/O
                         net (fo=1, routed)           0.000     0.641    board_top_i/top_wrapper_0/U0/top_i/program_counter_0/U0/next_addr[11]
    SLICE_X51Y15         FDRE                                         r  board_top_i/top_wrapper_0/U0/top_i/program_counter_0/U0/curr_addr_internal_reg[11]/D
  -------------------------------------------------------------------    -------------------

Slack:                    inf
  Source:                 board_top_i/top_wrapper_0/U0/top_i/program_counter_0/U0/curr_addr_internal_reg[20]/C
                            (rising edge-triggered cell FDRE)
  Destination:            board_top_i/top_wrapper_0/U0/top_i/program_counter_0/U0/curr_addr_internal_reg[21]/D
  Path Group:             (none)
  Path Type:              Min at Fast Process Corner
  Data Path Delay:        0.668ns  (logic 0.401ns (60.044%)  route 0.267ns (39.956%))
  Logic Levels:           3  (CARRY4=1 FDRE=1 LUT5=1)

    Location             Delay type                Incr(ns)  Path(ns)    Netlist Resource(s)
  -------------------------------------------------------------------    -------------------
    SLICE_X50Y17         FDRE                         0.000     0.000 r  board_top_i/top_wrapper_0/U0/top_i/program_counter_0/U0/curr_addr_internal_reg[20]/C
    SLICE_X50Y17         FDRE (Prop_fdre_C_Q)         0.164     0.164 r  board_top_i/top_wrapper_0/U0/top_i/program_counter_0/U0/curr_addr_internal_reg[20]/Q
                         net (fo=4, routed)           0.131     0.295    board_top_i/top_wrapper_0/U0/top_i/branch_adder_0/U0/pc[20]
    SLICE_X52Y18         CARRY4 (Prop_carry4_DI[0]_O[1])
                                                      0.129     0.424 r  board_top_i/top_wrapper_0/U0/top_i/branch_adder_0/U0/target[20]_INST_0/O[1]
                         net (fo=1, routed)           0.136     0.560    board_top_i/top_wrapper_0/U0/top_i/pc_src_mux_0/U0/branch[21]
    SLICE_X50Y19         LUT5 (Prop_lut5_I0_O)        0.108     0.668 r  board_top_i/top_wrapper_0/U0/top_i/pc_src_mux_0/U0/pc_src[21]_INST_0/O
                         net (fo=1, routed)           0.000     0.668    board_top_i/top_wrapper_0/U0/top_i/program_counter_0/U0/next_addr[21]
    SLICE_X50Y19         FDRE                                         r  board_top_i/top_wrapper_0/U0/top_i/program_counter_0/U0/curr_addr_internal_reg[21]/D
  -------------------------------------------------------------------    -------------------

Slack:                    inf
  Source:                 board_top_i/top_wrapper_0/U0/top_i/program_counter_0/U0/curr_addr_internal_reg[31]/C
                            (rising edge-triggered cell FDRE)
  Destination:            board_top_i/top_wrapper_0/U0/top_i/program_counter_0/U0/curr_addr_internal_reg[31]/D
  Path Group:             (none)
  Path Type:              Min at Fast Process Corner
  Data Path Delay:        0.668ns  (logic 0.361ns (54.005%)  route 0.307ns (45.995%))
  Logic Levels:           4  (CARRY4=1 FDRE=1 LUT2=1 LUT5=1)

    Location             Delay type                Incr(ns)  Path(ns)    Netlist Resource(s)
  -------------------------------------------------------------------    -------------------
    SLICE_X53Y21         FDRE                         0.000     0.000 r  board_top_i/top_wrapper_0/U0/top_i/program_counter_0/U0/curr_addr_internal_reg[31]/C
    SLICE_X53Y21         FDRE (Prop_fdre_C_Q)         0.141     0.141 r  board_top_i/top_wrapper_0/U0/top_i/program_counter_0/U0/curr_addr_internal_reg[31]/Q
                         net (fo=3, routed)           0.126     0.267    board_top_i/top_wrapper_0/U0/top_i/branch_adder_0/U0/pc[31]
    SLICE_X52Y20         LUT2 (Prop_lut2_I0_O)        0.045     0.312 r  board_top_i/top_wrapper_0/U0/top_i/branch_adder_0/U0/target[28]_INST_0_i_1/O
                         net (fo=1, routed)           0.000     0.312    board_top_i/top_wrapper_0/U0/top_i/branch_adder_0/U0/target[28]_INST_0_i_1_n_0
    SLICE_X52Y20         CARRY4 (Prop_carry4_S[3]_O[3])
                                                      0.064     0.376 r  board_top_i/top_wrapper_0/U0/top_i/branch_adder_0/U0/target[28]_INST_0/O[3]
                         net (fo=1, routed)           0.181     0.557    board_top_i/top_wrapper_0/U0/top_i/pc_src_mux_0/U0/branch[31]
    SLICE_X53Y21         LUT5 (Prop_lut5_I0_O)        0.111     0.668 r  board_top_i/top_wrapper_0/U0/top_i/pc_src_mux_0/U0/pc_src[31]_INST_0/O
                         net (fo=1, routed)           0.000     0.668    board_top_i/top_wrapper_0/U0/top_i/program_counter_0/U0/next_addr[31]
    SLICE_X53Y21         FDRE                                         r  board_top_i/top_wrapper_0/U0/top_i/program_counter_0/U0/curr_addr_internal_reg[31]/D
  -------------------------------------------------------------------    -------------------

Slack:                    inf
  Source:                 board_top_i/top_wrapper_0/U0/top_i/program_counter_0/U0/curr_addr_internal_reg[15]/C
                            (rising edge-triggered cell FDRE)
  Destination:            board_top_i/top_wrapper_0/U0/top_i/program_counter_0/U0/curr_addr_internal_reg[15]/D
  Path Group:             (none)
  Path Type:              Min at Fast Process Corner
  Data Path Delay:        0.671ns  (logic 0.361ns (53.822%)  route 0.310ns (46.178%))
  Logic Levels:           4  (CARRY4=1 FDRE=1 LUT2=1 LUT5=1)

    Location             Delay type                Incr(ns)  Path(ns)    Netlist Resource(s)
  -------------------------------------------------------------------    -------------------
    SLICE_X51Y16         FDRE                         0.000     0.000 r  board_top_i/top_wrapper_0/U0/top_i/program_counter_0/U0/curr_addr_internal_reg[15]/C
    SLICE_X51Y16         FDRE (Prop_fdre_C_Q)         0.141     0.141 r  board_top_i/top_wrapper_0/U0/top_i/program_counter_0/U0/curr_addr_internal_reg[15]/Q
                         net (fo=4, routed)           0.210     0.351    board_top_i/top_wrapper_0/U0/top_i/branch_adder_0/U0/pc[15]
    SLICE_X52Y16         LUT2 (Prop_lut2_I0_O)        0.045     0.396 r  board_top_i/top_wrapper_0/U0/top_i/branch_adder_0/U0/target[12]_INST_0_i_1/O
                         net (fo=1, routed)           0.000     0.396    board_top_i/top_wrapper_0/U0/top_i/branch_adder_0/U0/target[12]_INST_0_i_1_n_0
    SLICE_X52Y16         CARRY4 (Prop_carry4_S[3]_O[3])
                                                      0.064     0.460 r  board_top_i/top_wrapper_0/U0/top_i/branch_adder_0/U0/target[12]_INST_0/O[3]
                         net (fo=1, routed)           0.100     0.560    board_top_i/top_wrapper_0/U0/top_i/pc_src_mux_0/U0/branch[15]
    SLICE_X51Y16         LUT5 (Prop_lut5_I0_O)        0.111     0.671 r  board_top_i/top_wrapper_0/U0/top_i/pc_src_mux_0/U0/pc_src[15]_INST_0/O
                         net (fo=1, routed)           0.000     0.671    board_top_i/top_wrapper_0/U0/top_i/program_counter_0/U0/next_addr[15]
    SLICE_X51Y16         FDRE                                         r  board_top_i/top_wrapper_0/U0/top_i/program_counter_0/U0/curr_addr_internal_reg[15]/D
  -------------------------------------------------------------------    -------------------





--------------------------------------------------------------------------------------
Path Group:  (none)
From Clock:  sys_clk_pin
  To Clock:  

Max Delay            11 Endpoints
Min Delay            11 Endpoints
--------------------------------------------------------------------------------------


Max Delay Paths
--------------------------------------------------------------------------------------
Slack:                    inf
  Source:                 board_top_i/seven_seg_controller_0/U0/digit_index_reg[0]/C
                            (rising edge-triggered cell FDRE clocked by sys_clk_pin  {rise@0.000ns fall@5.000ns period=10.000ns})
  Destination:            seg[3]
                            (output port)
  Path Group:             (none)
  Path Type:              Max at Slow Process Corner
  Data Path Delay:        8.613ns  (logic 4.466ns (51.846%)  route 4.148ns (48.154%))
  Logic Levels:           3  (LUT4=1 LUT6=1 OBUF=1)
  Clock Uncertainty:      0.025ns  ((TSJ^2 + TIJ^2)^1/2 + DJ) / 2 + PE
    Total System Jitter     (TSJ):    0.050ns
    Total Input Jitter      (TIJ):    0.000ns
    Discrete Jitter          (DJ):    0.000ns
    Phase Error              (PE):    0.000ns

    Location             Delay type                Incr(ns)  Path(ns)    Netlist Resource(s)
  -------------------------------------------------------------------    -------------------
                         (clock sys_clk_pin rise edge)
                                                      0.000     0.000 r  
    W5                                                0.000     0.000 r  board_clk (IN)
                         net (fo=0)                   0.000     0.000    board_clk
    W5                   IBUF (Prop_ibuf_I_O)         1.458     1.458 r  board_clk_IBUF_inst/O
                         net (fo=1, routed)           1.967     3.425    board_clk_IBUF
    BUFGCTRL_X0Y1        BUFG (Prop_bufg_I_O)         0.096     3.521 r  board_clk_IBUF_BUFG_inst/O
                         net (fo=43, routed)          1.562     5.083    board_top_i/seven_seg_controller_0/U0/clk
    SLICE_X57Y17         FDRE                                         r  board_top_i/seven_seg_controller_0/U0/digit_index_reg[0]/C
  -------------------------------------------------------------------    -------------------
    SLICE_X57Y17         FDRE (Prop_fdre_C_Q)         0.456     5.539 r  board_top_i/seven_seg_controller_0/U0/digit_index_reg[0]/Q
                         net (fo=10, routed)          1.056     6.596    board_top_i/seven_seg_controller_0/U0/digit_index[0]
    SLICE_X58Y17         LUT6 (Prop_lut6_I3_O)        0.124     6.720 r  board_top_i/seven_seg_controller_0/U0/hex_digit[2]_INST_0/O
                         net (fo=7, routed)           1.234     7.954    board_top_i/hex_to_7seg_0/U0/hex_digit[2]
    SLICE_X60Y17         LUT4 (Prop_lut4_I1_O)        0.146     8.100 r  board_top_i/hex_to_7seg_0/U0/seg[3]_INST_0/O
                         net (fo=1, routed)           1.857     9.957    seg_OBUF[3]
    V8                   OBUF (Prop_obuf_I_O)         3.740    13.697 r  seg_OBUF[3]_inst/O
                         net (fo=0)                   0.000    13.697    seg[3]
    V8                                                                r  seg[3] (OUT)
  -------------------------------------------------------------------    -------------------

Slack:                    inf
  Source:                 board_top_i/seven_seg_controller_0/U0/digit_index_reg[0]/C
                            (rising edge-triggered cell FDRE clocked by sys_clk_pin  {rise@0.000ns fall@5.000ns period=10.000ns})
  Destination:            seg[5]
                            (output port)
  Path Group:             (none)
  Path Type:              Max at Slow Process Corner
  Data Path Delay:        8.550ns  (logic 4.460ns (52.168%)  route 4.090ns (47.832%))
  Logic Levels:           3  (LUT4=1 LUT6=1 OBUF=1)
  Clock Uncertainty:      0.025ns  ((TSJ^2 + TIJ^2)^1/2 + DJ) / 2 + PE
    Total System Jitter     (TSJ):    0.050ns
    Total Input Jitter      (TIJ):    0.000ns
    Discrete Jitter          (DJ):    0.000ns
    Phase Error              (PE):    0.000ns

    Location             Delay type                Incr(ns)  Path(ns)    Netlist Resource(s)
  -------------------------------------------------------------------    -------------------
                         (clock sys_clk_pin rise edge)
                                                      0.000     0.000 r  
    W5                                                0.000     0.000 r  board_clk (IN)
                         net (fo=0)                   0.000     0.000    board_clk
    W5                   IBUF (Prop_ibuf_I_O)         1.458     1.458 r  board_clk_IBUF_inst/O
                         net (fo=1, routed)           1.967     3.425    board_clk_IBUF
    BUFGCTRL_X0Y1        BUFG (Prop_bufg_I_O)         0.096     3.521 r  board_clk_IBUF_BUFG_inst/O
                         net (fo=43, routed)          1.562     5.083    board_top_i/seven_seg_controller_0/U0/clk
    SLICE_X57Y17         FDRE                                         r  board_top_i/seven_seg_controller_0/U0/digit_index_reg[0]/C
  -------------------------------------------------------------------    -------------------
    SLICE_X57Y17         FDRE (Prop_fdre_C_Q)         0.456     5.539 r  board_top_i/seven_seg_controller_0/U0/digit_index_reg[0]/Q
                         net (fo=10, routed)          1.056     6.596    board_top_i/seven_seg_controller_0/U0/digit_index[0]
    SLICE_X58Y17         LUT6 (Prop_lut6_I3_O)        0.124     6.720 r  board_top_i/seven_seg_controller_0/U0/hex_digit[2]_INST_0/O
                         net (fo=7, routed)           1.226     7.946    board_top_i/hex_to_7seg_0/U0/hex_digit[2]
    SLICE_X60Y17         LUT4 (Prop_lut4_I1_O)        0.152     8.098 r  board_top_i/hex_to_7seg_0/U0/seg[5]_INST_0/O
                         net (fo=1, routed)           1.807     9.905    seg_OBUF[5]
    V5                   OBUF (Prop_obuf_I_O)         3.728    13.633 r  seg_OBUF[5]_inst/O
                         net (fo=0)                   0.000    13.633    seg[5]
    V5                                                                r  seg[5] (OUT)
  -------------------------------------------------------------------    -------------------

Slack:                    inf
  Source:                 board_top_i/seven_seg_controller_0/U0/digit_index_reg[0]/C
                            (rising edge-triggered cell FDRE clocked by sys_clk_pin  {rise@0.000ns fall@5.000ns period=10.000ns})
  Destination:            seg[0]
                            (output port)
  Path Group:             (none)
  Path Type:              Max at Slow Process Corner
  Data Path Delay:        8.429ns  (logic 4.445ns (52.732%)  route 3.984ns (47.268%))
  Logic Levels:           3  (LUT4=1 LUT6=1 OBUF=1)
  Clock Uncertainty:      0.025ns  ((TSJ^2 + TIJ^2)^1/2 + DJ) / 2 + PE
    Total System Jitter     (TSJ):    0.050ns
    Total Input Jitter      (TIJ):    0.000ns
    Discrete Jitter          (DJ):    0.000ns
    Phase Error              (PE):    0.000ns

    Location             Delay type                Incr(ns)  Path(ns)    Netlist Resource(s)
  -------------------------------------------------------------------    -------------------
                         (clock sys_clk_pin rise edge)
                                                      0.000     0.000 r  
    W5                                                0.000     0.000 r  board_clk (IN)
                         net (fo=0)                   0.000     0.000    board_clk
    W5                   IBUF (Prop_ibuf_I_O)         1.458     1.458 r  board_clk_IBUF_inst/O
                         net (fo=1, routed)           1.967     3.425    board_clk_IBUF
    BUFGCTRL_X0Y1        BUFG (Prop_bufg_I_O)         0.096     3.521 r  board_clk_IBUF_BUFG_inst/O
                         net (fo=43, routed)          1.562     5.083    board_top_i/seven_seg_controller_0/U0/clk
    SLICE_X57Y17         FDRE                                         r  board_top_i/seven_seg_controller_0/U0/digit_index_reg[0]/C
  -------------------------------------------------------------------    -------------------
    SLICE_X57Y17         FDRE (Prop_fdre_C_Q)         0.456     5.539 r  board_top_i/seven_seg_controller_0/U0/digit_index_reg[0]/Q
                         net (fo=10, routed)          1.056     6.596    board_top_i/seven_seg_controller_0/U0/digit_index[0]
    SLICE_X58Y17         LUT6 (Prop_lut6_I3_O)        0.124     6.720 r  board_top_i/seven_seg_controller_0/U0/hex_digit[2]_INST_0/O
                         net (fo=7, routed)           0.888     7.608    board_top_i/hex_to_7seg_0/U0/hex_digit[2]
    SLICE_X59Y17         LUT4 (Prop_lut4_I1_O)        0.152     7.760 r  board_top_i/hex_to_7seg_0/U0/seg[0]_INST_0/O
                         net (fo=1, routed)           2.039     9.799    seg_OBUF[0]
    W7                   OBUF (Prop_obuf_I_O)         3.713    13.512 r  seg_OBUF[0]_inst/O
                         net (fo=0)                   0.000    13.512    seg[0]
    W7                                                                r  seg[0] (OUT)
  -------------------------------------------------------------------    -------------------

Slack:                    inf
  Source:                 board_top_i/seven_seg_controller_0/U0/digit_index_reg[0]/C
                            (rising edge-triggered cell FDRE clocked by sys_clk_pin  {rise@0.000ns fall@5.000ns period=10.000ns})
  Destination:            seg[2]
                            (output port)
  Path Group:             (none)
  Path Type:              Max at Slow Process Corner
  Data Path Delay:        8.408ns  (logic 4.239ns (50.416%)  route 4.169ns (49.584%))
  Logic Levels:           3  (LUT4=1 LUT6=1 OBUF=1)
  Clock Uncertainty:      0.025ns  ((TSJ^2 + TIJ^2)^1/2 + DJ) / 2 + PE
    Total System Jitter     (TSJ):    0.050ns
    Total Input Jitter      (TIJ):    0.000ns
    Discrete Jitter          (DJ):    0.000ns
    Phase Error              (PE):    0.000ns

    Location             Delay type                Incr(ns)  Path(ns)    Netlist Resource(s)
  -------------------------------------------------------------------    -------------------
                         (clock sys_clk_pin rise edge)
                                                      0.000     0.000 r  
    W5                                                0.000     0.000 r  board_clk (IN)
                         net (fo=0)                   0.000     0.000    board_clk
    W5                   IBUF (Prop_ibuf_I_O)         1.458     1.458 r  board_clk_IBUF_inst/O
                         net (fo=1, routed)           1.967     3.425    board_clk_IBUF
    BUFGCTRL_X0Y1        BUFG (Prop_bufg_I_O)         0.096     3.521 r  board_clk_IBUF_BUFG_inst/O
                         net (fo=43, routed)          1.562     5.083    board_top_i/seven_seg_controller_0/U0/clk
    SLICE_X57Y17         FDRE                                         r  board_top_i/seven_seg_controller_0/U0/digit_index_reg[0]/C
  -------------------------------------------------------------------    -------------------
    SLICE_X57Y17         FDRE (Prop_fdre_C_Q)         0.456     5.539 r  board_top_i/seven_seg_controller_0/U0/digit_index_reg[0]/Q
                         net (fo=10, routed)          1.056     6.596    board_top_i/seven_seg_controller_0/U0/digit_index[0]
    SLICE_X58Y17         LUT6 (Prop_lut6_I3_O)        0.124     6.720 r  board_top_i/seven_seg_controller_0/U0/hex_digit[2]_INST_0/O
                         net (fo=7, routed)           1.234     7.954    board_top_i/hex_to_7seg_0/U0/hex_digit[2]
    SLICE_X60Y17         LUT4 (Prop_lut4_I3_O)        0.124     8.078 r  board_top_i/hex_to_7seg_0/U0/seg[2]_INST_0/O
                         net (fo=1, routed)           1.879     9.956    seg_OBUF[2]
    U8                   OBUF (Prop_obuf_I_O)         3.535    13.492 r  seg_OBUF[2]_inst/O
                         net (fo=0)                   0.000    13.492    seg[2]
    U8                                                                r  seg[2] (OUT)
  -------------------------------------------------------------------    -------------------

Slack:                    inf
  Source:                 board_top_i/seven_seg_controller_0/U0/digit_index_reg[0]/C
                            (rising edge-triggered cell FDRE clocked by sys_clk_pin  {rise@0.000ns fall@5.000ns period=10.000ns})
  Destination:            seg[4]
                            (output port)
  Path Group:             (none)
  Path Type:              Max at Slow Process Corner
  Data Path Delay:        8.192ns  (logic 4.224ns (51.562%)  route 3.968ns (48.438%))
  Logic Levels:           3  (LUT4=1 LUT6=1 OBUF=1)
  Clock Uncertainty:      0.025ns  ((TSJ^2 + TIJ^2)^1/2 + DJ) / 2 + PE
    Total System Jitter     (TSJ):    0.050ns
    Total Input Jitter      (TIJ):    0.000ns
    Discrete Jitter          (DJ):    0.000ns
    Phase Error              (PE):    0.000ns

    Location             Delay type                Incr(ns)  Path(ns)    Netlist Resource(s)
  -------------------------------------------------------------------    -------------------
                         (clock sys_clk_pin rise edge)
                                                      0.000     0.000 r  
    W5                                                0.000     0.000 r  board_clk (IN)
                         net (fo=0)                   0.000     0.000    board_clk
    W5                   IBUF (Prop_ibuf_I_O)         1.458     1.458 r  board_clk_IBUF_inst/O
                         net (fo=1, routed)           1.967     3.425    board_clk_IBUF
    BUFGCTRL_X0Y1        BUFG (Prop_bufg_I_O)         0.096     3.521 r  board_clk_IBUF_BUFG_inst/O
                         net (fo=43, routed)          1.562     5.083    board_top_i/seven_seg_controller_0/U0/clk
    SLICE_X57Y17         FDRE                                         r  board_top_i/seven_seg_controller_0/U0/digit_index_reg[0]/C
  -------------------------------------------------------------------    -------------------
    SLICE_X57Y17         FDRE (Prop_fdre_C_Q)         0.456     5.539 r  board_top_i/seven_seg_controller_0/U0/digit_index_reg[0]/Q
                         net (fo=10, routed)          1.056     6.596    board_top_i/seven_seg_controller_0/U0/digit_index[0]
    SLICE_X58Y17         LUT6 (Prop_lut6_I3_O)        0.124     6.720 r  board_top_i/seven_seg_controller_0/U0/hex_digit[2]_INST_0/O
                         net (fo=7, routed)           1.226     7.946    board_top_i/hex_to_7seg_0/U0/hex_digit[2]
    SLICE_X60Y17         LUT4 (Prop_lut4_I2_O)        0.124     8.070 r  board_top_i/hex_to_7seg_0/U0/seg[4]_INST_0/O
                         net (fo=1, routed)           1.685     9.755    seg_OBUF[4]
    U5                   OBUF (Prop_obuf_I_O)         3.520    13.275 r  seg_OBUF[4]_inst/O
                         net (fo=0)                   0.000    13.275    seg[4]
    U5                                                                r  seg[4] (OUT)
  -------------------------------------------------------------------    -------------------

Slack:                    inf
  Source:                 board_top_i/seven_seg_controller_0/U0/digit_index_reg[0]/C
                            (rising edge-triggered cell FDRE clocked by sys_clk_pin  {rise@0.000ns fall@5.000ns period=10.000ns})
  Destination:            seg[6]
                            (output port)
  Path Group:             (none)
  Path Type:              Max at Slow Process Corner
  Data Path Delay:        8.136ns  (logic 4.235ns (52.058%)  route 3.901ns (47.942%))
  Logic Levels:           3  (LUT4=1 LUT6=1 OBUF=1)
  Clock Uncertainty:      0.025ns  ((TSJ^2 + TIJ^2)^1/2 + DJ) / 2 + PE
    Total System Jitter     (TSJ):    0.050ns
    Total Input Jitter      (TIJ):    0.000ns
    Discrete Jitter          (DJ):    0.000ns
    Phase Error              (PE):    0.000ns

    Location             Delay type                Incr(ns)  Path(ns)    Netlist Resource(s)
  -------------------------------------------------------------------    -------------------
                         (clock sys_clk_pin rise edge)
                                                      0.000     0.000 r  
    W5                                                0.000     0.000 r  board_clk (IN)
                         net (fo=0)                   0.000     0.000    board_clk
    W5                   IBUF (Prop_ibuf_I_O)         1.458     1.458 r  board_clk_IBUF_inst/O
                         net (fo=1, routed)           1.967     3.425    board_clk_IBUF
    BUFGCTRL_X0Y1        BUFG (Prop_bufg_I_O)         0.096     3.521 r  board_clk_IBUF_BUFG_inst/O
                         net (fo=43, routed)          1.562     5.083    board_top_i/seven_seg_controller_0/U0/clk
    SLICE_X57Y17         FDRE                                         r  board_top_i/seven_seg_controller_0/U0/digit_index_reg[0]/C
  -------------------------------------------------------------------    -------------------
    SLICE_X57Y17         FDRE (Prop_fdre_C_Q)         0.456     5.539 r  board_top_i/seven_seg_controller_0/U0/digit_index_reg[0]/Q
                         net (fo=10, routed)          0.839     6.378    board_top_i/seven_seg_controller_0/U0/digit_index[0]
    SLICE_X55Y17         LUT6 (Prop_lut6_I3_O)        0.124     6.502 r  board_top_i/seven_seg_controller_0/U0/hex_digit[0]_INST_0/O
                         net (fo=7, routed)           1.063     7.566    board_top_i/hex_to_7seg_0/U0/hex_digit[0]
    SLICE_X60Y17         LUT4 (Prop_lut4_I1_O)        0.124     7.690 r  board_top_i/hex_to_7seg_0/U0/seg[6]_INST_0/O
                         net (fo=1, routed)           1.998     9.688    seg_OBUF[6]
    U7                   OBUF (Prop_obuf_I_O)         3.531    13.219 r  seg_OBUF[6]_inst/O
                         net (fo=0)                   0.000    13.219    seg[6]
    U7                                                                r  seg[6] (OUT)
  -------------------------------------------------------------------    -------------------

Slack:                    inf
  Source:                 board_top_i/seven_seg_controller_0/U0/digit_index_reg[1]/C
                            (rising edge-triggered cell FDRE clocked by sys_clk_pin  {rise@0.000ns fall@5.000ns period=10.000ns})
  Destination:            an[0]
                            (output port)
  Path Group:             (none)
  Path Type:              Max at Slow Process Corner
  Data Path Delay:        8.116ns  (logic 4.457ns (54.913%)  route 3.659ns (45.087%))
  Logic Levels:           2  (LUT2=1 OBUF=1)
  Clock Uncertainty:      0.025ns  ((TSJ^2 + TIJ^2)^1/2 + DJ) / 2 + PE
    Total System Jitter     (TSJ):    0.050ns
    Total Input Jitter      (TIJ):    0.000ns
    Discrete Jitter          (DJ):    0.000ns
    Phase Error              (PE):    0.000ns

    Location             Delay type                Incr(ns)  Path(ns)    Netlist Resource(s)
  -------------------------------------------------------------------    -------------------
                         (clock sys_clk_pin rise edge)
                                                      0.000     0.000 r  
    W5                                                0.000     0.000 r  board_clk (IN)
                         net (fo=0)                   0.000     0.000    board_clk
    W5                   IBUF (Prop_ibuf_I_O)         1.458     1.458 r  board_clk_IBUF_inst/O
                         net (fo=1, routed)           1.967     3.425    board_clk_IBUF
    BUFGCTRL_X0Y1        BUFG (Prop_bufg_I_O)         0.096     3.521 r  board_clk_IBUF_BUFG_inst/O
                         net (fo=43, routed)          1.562     5.083    board_top_i/seven_seg_controller_0/U0/clk
    SLICE_X57Y17         FDRE                                         r  board_top_i/seven_seg_controller_0/U0/digit_index_reg[1]/C
  -------------------------------------------------------------------    -------------------
    SLICE_X57Y17         FDRE (Prop_fdre_C_Q)         0.419     5.502 r  board_top_i/seven_seg_controller_0/U0/digit_index_reg[1]/Q
                         net (fo=9, routed)           1.429     6.931    board_top_i/seven_seg_controller_0/U0/digit_index[1]
    SLICE_X61Y20         LUT2 (Prop_lut2_I0_O)        0.327     7.258 r  board_top_i/seven_seg_controller_0/U0/an[0]_INST_0/O
                         net (fo=1, routed)           2.231     9.489    an_OBUF[0]
    U2                   OBUF (Prop_obuf_I_O)         3.711    13.200 r  an_OBUF[0]_inst/O
                         net (fo=0)                   0.000    13.200    an[0]
    U2                                                                r  an[0] (OUT)
  -------------------------------------------------------------------    -------------------

Slack:                    inf
  Source:                 board_top_i/seven_seg_controller_0/U0/digit_index_reg[0]/C
                            (rising edge-triggered cell FDRE clocked by sys_clk_pin  {rise@0.000ns fall@5.000ns period=10.000ns})
  Destination:            seg[1]
                            (output port)
  Path Group:             (none)
  Path Type:              Max at Slow Process Corner
  Data Path Delay:        8.072ns  (logic 4.233ns (52.446%)  route 3.838ns (47.554%))
  Logic Levels:           3  (LUT4=1 LUT6=1 OBUF=1)
  Clock Uncertainty:      0.025ns  ((TSJ^2 + TIJ^2)^1/2 + DJ) / 2 + PE
    Total System Jitter     (TSJ):    0.050ns
    Total Input Jitter      (TIJ):    0.000ns
    Discrete Jitter          (DJ):    0.000ns
    Phase Error              (PE):    0.000ns

    Location             Delay type                Incr(ns)  Path(ns)    Netlist Resource(s)
  -------------------------------------------------------------------    -------------------
                         (clock sys_clk_pin rise edge)
                                                      0.000     0.000 r  
    W5                                                0.000     0.000 r  board_clk (IN)
                         net (fo=0)                   0.000     0.000    board_clk
    W5                   IBUF (Prop_ibuf_I_O)         1.458     1.458 r  board_clk_IBUF_inst/O
                         net (fo=1, routed)           1.967     3.425    board_clk_IBUF
    BUFGCTRL_X0Y1        BUFG (Prop_bufg_I_O)         0.096     3.521 r  board_clk_IBUF_BUFG_inst/O
                         net (fo=43, routed)          1.562     5.083    board_top_i/seven_seg_controller_0/U0/clk
    SLICE_X57Y17         FDRE                                         r  board_top_i/seven_seg_controller_0/U0/digit_index_reg[0]/C
  -------------------------------------------------------------------    -------------------
    SLICE_X57Y17         FDRE (Prop_fdre_C_Q)         0.456     5.539 r  board_top_i/seven_seg_controller_0/U0/digit_index_reg[0]/Q
                         net (fo=10, routed)          1.056     6.596    board_top_i/seven_seg_controller_0/U0/digit_index[0]
    SLICE_X58Y17         LUT6 (Prop_lut6_I3_O)        0.124     6.720 r  board_top_i/seven_seg_controller_0/U0/hex_digit[2]_INST_0/O
                         net (fo=7, routed)           0.888     7.608    board_top_i/hex_to_7seg_0/U0/hex_digit[2]
    SLICE_X59Y17         LUT4 (Prop_lut4_I1_O)        0.124     7.732 r  board_top_i/hex_to_7seg_0/U0/seg[1]_INST_0/O
                         net (fo=1, routed)           1.894     9.626    seg_OBUF[1]
    W6                   OBUF (Prop_obuf_I_O)         3.529    13.155 r  seg_OBUF[1]_inst/O
                         net (fo=0)                   0.000    13.155    seg[1]
    W6                                                                r  seg[1] (OUT)
  -------------------------------------------------------------------    -------------------

Slack:                    inf
  Source:                 board_top_i/seven_seg_controller_0/U0/digit_index_reg[1]/C
                            (rising edge-triggered cell FDRE clocked by sys_clk_pin  {rise@0.000ns fall@5.000ns period=10.000ns})
  Destination:            an[3]
                            (output port)
  Path Group:             (none)
  Path Type:              Max at Slow Process Corner
  Data Path Delay:        7.785ns  (logic 4.458ns (57.269%)  route 3.327ns (42.731%))
  Logic Levels:           2  (LUT2=1 OBUF=1)
  Clock Uncertainty:      0.025ns  ((TSJ^2 + TIJ^2)^1/2 + DJ) / 2 + PE
    Total System Jitter     (TSJ):    0.050ns
    Total Input Jitter      (TIJ):    0.000ns
    Discrete Jitter          (DJ):    0.000ns
    Phase Error              (PE):    0.000ns

    Location             Delay type                Incr(ns)  Path(ns)    Netlist Resource(s)
  -------------------------------------------------------------------    -------------------
                         (clock sys_clk_pin rise edge)
                                                      0.000     0.000 r  
    W5                                                0.000     0.000 r  board_clk (IN)
                         net (fo=0)                   0.000     0.000    board_clk
    W5                   IBUF (Prop_ibuf_I_O)         1.458     1.458 r  board_clk_IBUF_inst/O
                         net (fo=1, routed)           1.967     3.425    board_clk_IBUF
    BUFGCTRL_X0Y1        BUFG (Prop_bufg_I_O)         0.096     3.521 r  board_clk_IBUF_BUFG_inst/O
                         net (fo=43, routed)          1.562     5.083    board_top_i/seven_seg_controller_0/U0/clk
    SLICE_X57Y17         FDRE                                         r  board_top_i/seven_seg_controller_0/U0/digit_index_reg[1]/C
  -------------------------------------------------------------------    -------------------
    SLICE_X57Y17         FDRE (Prop_fdre_C_Q)         0.419     5.502 f  board_top_i/seven_seg_controller_0/U0/digit_index_reg[1]/Q
                         net (fo=9, routed)           1.430     6.932    board_top_i/seven_seg_controller_0/U0/digit_index[1]
    SLICE_X61Y20         LUT2 (Prop_lut2_I0_O)        0.327     7.259 r  board_top_i/seven_seg_controller_0/U0/an[3]_INST_0/O
                         net (fo=1, routed)           1.897     9.156    an_OBUF[3]
    W4                   OBUF (Prop_obuf_I_O)         3.712    12.868 r  an_OBUF[3]_inst/O
                         net (fo=0)                   0.000    12.868    an[3]
    W4                                                                r  an[3] (OUT)
  -------------------------------------------------------------------    -------------------

Slack:                    inf
  Source:                 board_top_i/seven_seg_controller_0/U0/digit_index_reg[1]/C
                            (rising edge-triggered cell FDRE clocked by sys_clk_pin  {rise@0.000ns fall@5.000ns period=10.000ns})
  Destination:            an[1]
                            (output port)
  Path Group:             (none)
  Path Type:              Max at Slow Process Corner
  Data Path Delay:        7.696ns  (logic 4.217ns (54.799%)  route 3.478ns (45.201%))
  Logic Levels:           2  (LUT2=1 OBUF=1)
  Clock Uncertainty:      0.025ns  ((TSJ^2 + TIJ^2)^1/2 + DJ) / 2 + PE
    Total System Jitter     (TSJ):    0.050ns
    Total Input Jitter      (TIJ):    0.000ns
    Discrete Jitter          (DJ):    0.000ns
    Phase Error              (PE):    0.000ns

    Location             Delay type                Incr(ns)  Path(ns)    Netlist Resource(s)
  -------------------------------------------------------------------    -------------------
                         (clock sys_clk_pin rise edge)
                                                      0.000     0.000 r  
    W5                                                0.000     0.000 r  board_clk (IN)
                         net (fo=0)                   0.000     0.000    board_clk
    W5                   IBUF (Prop_ibuf_I_O)         1.458     1.458 r  board_clk_IBUF_inst/O
                         net (fo=1, routed)           1.967     3.425    board_clk_IBUF
    BUFGCTRL_X0Y1        BUFG (Prop_bufg_I_O)         0.096     3.521 r  board_clk_IBUF_BUFG_inst/O
                         net (fo=43, routed)          1.562     5.083    board_top_i/seven_seg_controller_0/U0/clk
    SLICE_X57Y17         FDRE                                         r  board_top_i/seven_seg_controller_0/U0/digit_index_reg[1]/C
  -------------------------------------------------------------------    -------------------
    SLICE_X57Y17         FDRE (Prop_fdre_C_Q)         0.419     5.502 r  board_top_i/seven_seg_controller_0/U0/digit_index_reg[1]/Q
                         net (fo=9, routed)           1.430     6.932    board_top_i/seven_seg_controller_0/U0/digit_index[1]
    SLICE_X61Y20         LUT2 (Prop_lut2_I0_O)        0.299     7.231 r  board_top_i/seven_seg_controller_0/U0/an[1]_INST_0/O
                         net (fo=1, routed)           2.049     9.280    an_OBUF[1]
    U4                   OBUF (Prop_obuf_I_O)         3.499    12.779 r  an_OBUF[1]_inst/O
                         net (fo=0)                   0.000    12.779    an[1]
    U4                                                                r  an[1] (OUT)
  -------------------------------------------------------------------    -------------------





Min Delay Paths
--------------------------------------------------------------------------------------
Slack:                    inf
  Source:                 board_top_i/seven_seg_controller_0/U0/digit_index_reg[0]/C
                            (rising edge-triggered cell FDRE clocked by sys_clk_pin  {rise@0.000ns fall@5.000ns period=10.000ns})
  Destination:            seg[4]
                            (output port)
  Path Group:             (none)
  Path Type:              Min at Fast Process Corner
  Data Path Delay:        2.215ns  (logic 1.452ns (65.560%)  route 0.763ns (34.440%))
  Logic Levels:           3  (LUT4=1 LUT6=1 OBUF=1)
  Clock Uncertainty:      0.025ns  ((TSJ^2 + TIJ^2)^1/2 + DJ) / 2 + PE
    Total System Jitter     (TSJ):    0.050ns
    Total Input Jitter      (TIJ):    0.000ns
    Discrete Jitter          (DJ):    0.000ns
    Phase Error              (PE):    0.000ns

    Location             Delay type                Incr(ns)  Path(ns)    Netlist Resource(s)
  -------------------------------------------------------------------    -------------------
                         (clock sys_clk_pin rise edge)
                                                      0.000     0.000 r  
    W5                                                0.000     0.000 r  board_clk (IN)
                         net (fo=0)                   0.000     0.000    board_clk
    W5                   IBUF (Prop_ibuf_I_O)         0.226     0.226 r  board_clk_IBUF_inst/O
                         net (fo=1, routed)           0.631     0.858    board_clk_IBUF
    BUFGCTRL_X0Y1        BUFG (Prop_bufg_I_O)         0.026     0.884 r  board_clk_IBUF_BUFG_inst/O
                         net (fo=43, routed)          0.562     1.445    board_top_i/seven_seg_controller_0/U0/clk
    SLICE_X57Y17         FDRE                                         r  board_top_i/seven_seg_controller_0/U0/digit_index_reg[0]/C
  -------------------------------------------------------------------    -------------------
    SLICE_X57Y17         FDRE (Prop_fdre_C_Q)         0.141     1.586 r  board_top_i/seven_seg_controller_0/U0/digit_index_reg[0]/Q
                         net (fo=10, routed)          0.262     1.848    board_top_i/seven_seg_controller_0/U0/digit_index[0]
    SLICE_X59Y17         LUT6 (Prop_lut6_I3_O)        0.045     1.893 f  board_top_i/seven_seg_controller_0/U0/hex_digit[3]_INST_0/O
                         net (fo=7, routed)           0.165     2.058    board_top_i/hex_to_7seg_0/U0/hex_digit[3]
    SLICE_X60Y17         LUT4 (Prop_lut4_I0_O)        0.045     2.103 r  board_top_i/hex_to_7seg_0/U0/seg[4]_INST_0/O
                         net (fo=1, routed)           0.335     2.439    seg_OBUF[4]
    U5                   OBUF (Prop_obuf_I_O)         1.221     3.660 r  seg_OBUF[4]_inst/O
                         net (fo=0)                   0.000     3.660    seg[4]
    U5                                                                r  seg[4] (OUT)
  -------------------------------------------------------------------    -------------------

Slack:                    inf
  Source:                 board_top_i/seven_seg_controller_0/U0/digit_index_reg[0]/C
                            (rising edge-triggered cell FDRE clocked by sys_clk_pin  {rise@0.000ns fall@5.000ns period=10.000ns})
  Destination:            an[1]
                            (output port)
  Path Group:             (none)
  Path Type:              Min at Fast Process Corner
  Data Path Delay:        2.272ns  (logic 1.386ns (61.010%)  route 0.886ns (38.990%))
  Logic Levels:           2  (LUT2=1 OBUF=1)
  Clock Uncertainty:      0.025ns  ((TSJ^2 + TIJ^2)^1/2 + DJ) / 2 + PE
    Total System Jitter     (TSJ):    0.050ns
    Total Input Jitter      (TIJ):    0.000ns
    Discrete Jitter          (DJ):    0.000ns
    Phase Error              (PE):    0.000ns

    Location             Delay type                Incr(ns)  Path(ns)    Netlist Resource(s)
  -------------------------------------------------------------------    -------------------
                         (clock sys_clk_pin rise edge)
                                                      0.000     0.000 r  
    W5                                                0.000     0.000 r  board_clk (IN)
                         net (fo=0)                   0.000     0.000    board_clk
    W5                   IBUF (Prop_ibuf_I_O)         0.226     0.226 r  board_clk_IBUF_inst/O
                         net (fo=1, routed)           0.631     0.858    board_clk_IBUF
    BUFGCTRL_X0Y1        BUFG (Prop_bufg_I_O)         0.026     0.884 r  board_clk_IBUF_BUFG_inst/O
                         net (fo=43, routed)          0.562     1.445    board_top_i/seven_seg_controller_0/U0/clk
    SLICE_X57Y17         FDRE                                         r  board_top_i/seven_seg_controller_0/U0/digit_index_reg[0]/C
  -------------------------------------------------------------------    -------------------
    SLICE_X57Y17         FDRE (Prop_fdre_C_Q)         0.141     1.586 f  board_top_i/seven_seg_controller_0/U0/digit_index_reg[0]/Q
                         net (fo=10, routed)          0.384     1.970    board_top_i/seven_seg_controller_0/U0/digit_index[0]
    SLICE_X61Y20         LUT2 (Prop_lut2_I1_O)        0.045     2.015 r  board_top_i/seven_seg_controller_0/U0/an[1]_INST_0/O
                         net (fo=1, routed)           0.502     2.517    an_OBUF[1]
    U4                   OBUF (Prop_obuf_I_O)         1.200     3.717 r  an_OBUF[1]_inst/O
                         net (fo=0)                   0.000     3.717    an[1]
    U4                                                                r  an[1] (OUT)
  -------------------------------------------------------------------    -------------------

Slack:                    inf
  Source:                 board_top_i/seven_seg_controller_0/U0/digit_index_reg[0]/C
                            (rising edge-triggered cell FDRE clocked by sys_clk_pin  {rise@0.000ns fall@5.000ns period=10.000ns})
  Destination:            an[3]
                            (output port)
  Path Group:             (none)
  Path Type:              Min at Fast Process Corner
  Data Path Delay:        2.284ns  (logic 1.462ns (64.015%)  route 0.822ns (35.985%))
  Logic Levels:           2  (LUT2=1 OBUF=1)
  Clock Uncertainty:      0.025ns  ((TSJ^2 + TIJ^2)^1/2 + DJ) / 2 + PE
    Total System Jitter     (TSJ):    0.050ns
    Total Input Jitter      (TIJ):    0.000ns
    Discrete Jitter          (DJ):    0.000ns
    Phase Error              (PE):    0.000ns

    Location             Delay type                Incr(ns)  Path(ns)    Netlist Resource(s)
  -------------------------------------------------------------------    -------------------
                         (clock sys_clk_pin rise edge)
                                                      0.000     0.000 r  
    W5                                                0.000     0.000 r  board_clk (IN)
                         net (fo=0)                   0.000     0.000    board_clk
    W5                   IBUF (Prop_ibuf_I_O)         0.226     0.226 r  board_clk_IBUF_inst/O
                         net (fo=1, routed)           0.631     0.858    board_clk_IBUF
    BUFGCTRL_X0Y1        BUFG (Prop_bufg_I_O)         0.026     0.884 r  board_clk_IBUF_BUFG_inst/O
                         net (fo=43, routed)          0.562     1.445    board_top_i/seven_seg_controller_0/U0/clk
    SLICE_X57Y17         FDRE                                         r  board_top_i/seven_seg_controller_0/U0/digit_index_reg[0]/C
  -------------------------------------------------------------------    -------------------
    SLICE_X57Y17         FDRE (Prop_fdre_C_Q)         0.141     1.586 f  board_top_i/seven_seg_controller_0/U0/digit_index_reg[0]/Q
                         net (fo=10, routed)          0.384     1.970    board_top_i/seven_seg_controller_0/U0/digit_index[0]
    SLICE_X61Y20         LUT2 (Prop_lut2_I1_O)        0.048     2.018 r  board_top_i/seven_seg_controller_0/U0/an[3]_INST_0/O
                         net (fo=1, routed)           0.438     2.456    an_OBUF[3]
    W4                   OBUF (Prop_obuf_I_O)         1.273     3.730 r  an_OBUF[3]_inst/O
                         net (fo=0)                   0.000     3.730    an[3]
    W4                                                                r  an[3] (OUT)
  -------------------------------------------------------------------    -------------------

Slack:                    inf
  Source:                 board_top_i/seven_seg_controller_0/U0/digit_index_reg[0]/C
                            (rising edge-triggered cell FDRE clocked by sys_clk_pin  {rise@0.000ns fall@5.000ns period=10.000ns})
  Destination:            seg[1]
                            (output port)
  Path Group:             (none)
  Path Type:              Min at Fast Process Corner
  Data Path Delay:        2.298ns  (logic 1.461ns (63.583%)  route 0.837ns (36.417%))
  Logic Levels:           3  (LUT4=1 LUT6=1 OBUF=1)
  Clock Uncertainty:      0.025ns  ((TSJ^2 + TIJ^2)^1/2 + DJ) / 2 + PE
    Total System Jitter     (TSJ):    0.050ns
    Total Input Jitter      (TIJ):    0.000ns
    Discrete Jitter          (DJ):    0.000ns
    Phase Error              (PE):    0.000ns

    Location             Delay type                Incr(ns)  Path(ns)    Netlist Resource(s)
  -------------------------------------------------------------------    -------------------
                         (clock sys_clk_pin rise edge)
                                                      0.000     0.000 r  
    W5                                                0.000     0.000 r  board_clk (IN)
                         net (fo=0)                   0.000     0.000    board_clk
    W5                   IBUF (Prop_ibuf_I_O)         0.226     0.226 r  board_clk_IBUF_inst/O
                         net (fo=1, routed)           0.631     0.858    board_clk_IBUF
    BUFGCTRL_X0Y1        BUFG (Prop_bufg_I_O)         0.026     0.884 r  board_clk_IBUF_BUFG_inst/O
                         net (fo=43, routed)          0.562     1.445    board_top_i/seven_seg_controller_0/U0/clk
    SLICE_X57Y17         FDRE                                         r  board_top_i/seven_seg_controller_0/U0/digit_index_reg[0]/C
  -------------------------------------------------------------------    -------------------
    SLICE_X57Y17         FDRE (Prop_fdre_C_Q)         0.141     1.586 r  board_top_i/seven_seg_controller_0/U0/digit_index_reg[0]/Q
                         net (fo=10, routed)          0.262     1.848    board_top_i/seven_seg_controller_0/U0/digit_index[0]
    SLICE_X59Y17         LUT6 (Prop_lut6_I3_O)        0.045     1.893 r  board_top_i/seven_seg_controller_0/U0/hex_digit[3]_INST_0/O
                         net (fo=7, routed)           0.147     2.040    board_top_i/hex_to_7seg_0/U0/hex_digit[3]
    SLICE_X59Y17         LUT4 (Prop_lut4_I0_O)        0.045     2.085 r  board_top_i/hex_to_7seg_0/U0/seg[1]_INST_0/O
                         net (fo=1, routed)           0.428     2.513    seg_OBUF[1]
    W6                   OBUF (Prop_obuf_I_O)         1.230     3.743 r  seg_OBUF[1]_inst/O
                         net (fo=0)                   0.000     3.743    seg[1]
    W6                                                                r  seg[1] (OUT)
  -------------------------------------------------------------------    -------------------

Slack:                    inf
  Source:                 board_top_i/seven_seg_controller_0/U0/digit_index_reg[0]/C
                            (rising edge-triggered cell FDRE clocked by sys_clk_pin  {rise@0.000ns fall@5.000ns period=10.000ns})
  Destination:            seg[2]
                            (output port)
  Path Group:             (none)
  Path Type:              Min at Fast Process Corner
  Data Path Delay:        2.309ns  (logic 1.467ns (63.537%)  route 0.842ns (36.463%))
  Logic Levels:           3  (LUT4=1 LUT6=1 OBUF=1)
  Clock Uncertainty:      0.025ns  ((TSJ^2 + TIJ^2)^1/2 + DJ) / 2 + PE
    Total System Jitter     (TSJ):    0.050ns
    Total Input Jitter      (TIJ):    0.000ns
    Discrete Jitter          (DJ):    0.000ns
    Phase Error              (PE):    0.000ns

    Location             Delay type                Incr(ns)  Path(ns)    Netlist Resource(s)
  -------------------------------------------------------------------    -------------------
                         (clock sys_clk_pin rise edge)
                                                      0.000     0.000 r  
    W5                                                0.000     0.000 r  board_clk (IN)
                         net (fo=0)                   0.000     0.000    board_clk
    W5                   IBUF (Prop_ibuf_I_O)         0.226     0.226 r  board_clk_IBUF_inst/O
                         net (fo=1, routed)           0.631     0.858    board_clk_IBUF
    BUFGCTRL_X0Y1        BUFG (Prop_bufg_I_O)         0.026     0.884 r  board_clk_IBUF_BUFG_inst/O
                         net (fo=43, routed)          0.562     1.445    board_top_i/seven_seg_controller_0/U0/clk
    SLICE_X57Y17         FDRE                                         r  board_top_i/seven_seg_controller_0/U0/digit_index_reg[0]/C
  -------------------------------------------------------------------    -------------------
    SLICE_X57Y17         FDRE (Prop_fdre_C_Q)         0.141     1.586 r  board_top_i/seven_seg_controller_0/U0/digit_index_reg[0]/Q
                         net (fo=10, routed)          0.262     1.848    board_top_i/seven_seg_controller_0/U0/digit_index[0]
    SLICE_X59Y17         LUT6 (Prop_lut6_I3_O)        0.045     1.893 r  board_top_i/seven_seg_controller_0/U0/hex_digit[3]_INST_0/O
                         net (fo=7, routed)           0.161     2.054    board_top_i/hex_to_7seg_0/U0/hex_digit[3]
    SLICE_X60Y17         LUT4 (Prop_lut4_I0_O)        0.045     2.099 r  board_top_i/hex_to_7seg_0/U0/seg[2]_INST_0/O
                         net (fo=1, routed)           0.419     2.518    seg_OBUF[2]
    U8                   OBUF (Prop_obuf_I_O)         1.236     3.754 r  seg_OBUF[2]_inst/O
                         net (fo=0)                   0.000     3.754    seg[2]
    U8                                                                r  seg[2] (OUT)
  -------------------------------------------------------------------    -------------------

Slack:                    inf
  Source:                 board_top_i/seven_seg_controller_0/U0/digit_index_reg[0]/C
                            (rising edge-triggered cell FDRE clocked by sys_clk_pin  {rise@0.000ns fall@5.000ns period=10.000ns})
  Destination:            an[2]
                            (output port)
  Path Group:             (none)
  Path Type:              Min at Fast Process Corner
  Data Path Delay:        2.317ns  (logic 1.410ns (60.849%)  route 0.907ns (39.151%))
  Logic Levels:           2  (LUT2=1 OBUF=1)
  Clock Uncertainty:      0.025ns  ((TSJ^2 + TIJ^2)^1/2 + DJ) / 2 + PE
    Total System Jitter     (TSJ):    0.050ns
    Total Input Jitter      (TIJ):    0.000ns
    Discrete Jitter          (DJ):    0.000ns
    Phase Error              (PE):    0.000ns

    Location             Delay type                Incr(ns)  Path(ns)    Netlist Resource(s)
  -------------------------------------------------------------------    -------------------
                         (clock sys_clk_pin rise edge)
                                                      0.000     0.000 r  
    W5                                                0.000     0.000 r  board_clk (IN)
                         net (fo=0)                   0.000     0.000    board_clk
    W5                   IBUF (Prop_ibuf_I_O)         0.226     0.226 r  board_clk_IBUF_inst/O
                         net (fo=1, routed)           0.631     0.858    board_clk_IBUF
    BUFGCTRL_X0Y1        BUFG (Prop_bufg_I_O)         0.026     0.884 r  board_clk_IBUF_BUFG_inst/O
                         net (fo=43, routed)          0.562     1.445    board_top_i/seven_seg_controller_0/U0/clk
    SLICE_X57Y17         FDRE                                         r  board_top_i/seven_seg_controller_0/U0/digit_index_reg[0]/C
  -------------------------------------------------------------------    -------------------
    SLICE_X57Y17         FDRE (Prop_fdre_C_Q)         0.141     1.586 r  board_top_i/seven_seg_controller_0/U0/digit_index_reg[0]/Q
                         net (fo=10, routed)          0.460     2.046    board_top_i/seven_seg_controller_0/U0/digit_index[0]
    SLICE_X61Y20         LUT2 (Prop_lut2_I0_O)        0.045     2.091 r  board_top_i/seven_seg_controller_0/U0/an[2]_INST_0/O
                         net (fo=1, routed)           0.447     2.538    an_OBUF[2]
    V4                   OBUF (Prop_obuf_I_O)         1.224     3.762 r  an_OBUF[2]_inst/O
                         net (fo=0)                   0.000     3.762    an[2]
    V4                                                                r  an[2] (OUT)
  -------------------------------------------------------------------    -------------------

Slack:                    inf
  Source:                 board_top_i/seven_seg_controller_0/U0/digit_index_reg[0]/C
                            (rising edge-triggered cell FDRE clocked by sys_clk_pin  {rise@0.000ns fall@5.000ns period=10.000ns})
  Destination:            seg[5]
                            (output port)
  Path Group:             (none)
  Path Type:              Min at Fast Process Corner
  Data Path Delay:        2.330ns  (logic 1.513ns (64.917%)  route 0.817ns (35.083%))
  Logic Levels:           3  (LUT4=1 LUT6=1 OBUF=1)
  Clock Uncertainty:      0.025ns  ((TSJ^2 + TIJ^2)^1/2 + DJ) / 2 + PE
    Total System Jitter     (TSJ):    0.050ns
    Total Input Jitter      (TIJ):    0.000ns
    Discrete Jitter          (DJ):    0.000ns
    Phase Error              (PE):    0.000ns

    Location             Delay type                Incr(ns)  Path(ns)    Netlist Resource(s)
  -------------------------------------------------------------------    -------------------
                         (clock sys_clk_pin rise edge)
                                                      0.000     0.000 r  
    W5                                                0.000     0.000 r  board_clk (IN)
                         net (fo=0)                   0.000     0.000    board_clk
    W5                   IBUF (Prop_ibuf_I_O)         0.226     0.226 r  board_clk_IBUF_inst/O
                         net (fo=1, routed)           0.631     0.858    board_clk_IBUF
    BUFGCTRL_X0Y1        BUFG (Prop_bufg_I_O)         0.026     0.884 r  board_clk_IBUF_BUFG_inst/O
                         net (fo=43, routed)          0.562     1.445    board_top_i/seven_seg_controller_0/U0/clk
    SLICE_X57Y17         FDRE                                         r  board_top_i/seven_seg_controller_0/U0/digit_index_reg[0]/C
  -------------------------------------------------------------------    -------------------
    SLICE_X57Y17         FDRE (Prop_fdre_C_Q)         0.141     1.586 r  board_top_i/seven_seg_controller_0/U0/digit_index_reg[0]/Q
                         net (fo=10, routed)          0.262     1.848    board_top_i/seven_seg_controller_0/U0/digit_index[0]
    SLICE_X59Y17         LUT6 (Prop_lut6_I3_O)        0.045     1.893 r  board_top_i/seven_seg_controller_0/U0/hex_digit[3]_INST_0/O
                         net (fo=7, routed)           0.165     2.058    board_top_i/hex_to_7seg_0/U0/hex_digit[3]
    SLICE_X60Y17         LUT4 (Prop_lut4_I0_O)        0.048     2.106 r  board_top_i/hex_to_7seg_0/U0/seg[5]_INST_0/O
                         net (fo=1, routed)           0.390     2.497    seg_OBUF[5]
    V5                   OBUF (Prop_obuf_I_O)         1.279     3.775 r  seg_OBUF[5]_inst/O
                         net (fo=0)                   0.000     3.775    seg[5]
    V5                                                                r  seg[5] (OUT)
  -------------------------------------------------------------------    -------------------

Slack:                    inf
  Source:                 board_top_i/seven_seg_controller_0/U0/digit_index_reg[0]/C
                            (rising edge-triggered cell FDRE clocked by sys_clk_pin  {rise@0.000ns fall@5.000ns period=10.000ns})
  Destination:            seg[3]
                            (output port)
  Path Group:             (none)
  Path Type:              Min at Fast Process Corner
  Data Path Delay:        2.375ns  (logic 1.536ns (64.698%)  route 0.838ns (35.302%))
  Logic Levels:           3  (LUT4=1 LUT6=1 OBUF=1)
  Clock Uncertainty:      0.025ns  ((TSJ^2 + TIJ^2)^1/2 + DJ) / 2 + PE
    Total System Jitter     (TSJ):    0.050ns
    Total Input Jitter      (TIJ):    0.000ns
    Discrete Jitter          (DJ):    0.000ns
    Phase Error              (PE):    0.000ns

    Location             Delay type                Incr(ns)  Path(ns)    Netlist Resource(s)
  -------------------------------------------------------------------    -------------------
                         (clock sys_clk_pin rise edge)
                                                      0.000     0.000 r  
    W5                                                0.000     0.000 r  board_clk (IN)
                         net (fo=0)                   0.000     0.000    board_clk
    W5                   IBUF (Prop_ibuf_I_O)         0.226     0.226 r  board_clk_IBUF_inst/O
                         net (fo=1, routed)           0.631     0.858    board_clk_IBUF
    BUFGCTRL_X0Y1        BUFG (Prop_bufg_I_O)         0.026     0.884 r  board_clk_IBUF_BUFG_inst/O
                         net (fo=43, routed)          0.562     1.445    board_top_i/seven_seg_controller_0/U0/clk
    SLICE_X57Y17         FDRE                                         r  board_top_i/seven_seg_controller_0/U0/digit_index_reg[0]/C
  -------------------------------------------------------------------    -------------------
    SLICE_X57Y17         FDRE (Prop_fdre_C_Q)         0.141     1.586 r  board_top_i/seven_seg_controller_0/U0/digit_index_reg[0]/Q
                         net (fo=10, routed)          0.262     1.848    board_top_i/seven_seg_controller_0/U0/digit_index[0]
    SLICE_X59Y17         LUT6 (Prop_lut6_I3_O)        0.045     1.893 r  board_top_i/seven_seg_controller_0/U0/hex_digit[3]_INST_0/O
                         net (fo=7, routed)           0.161     2.054    board_top_i/hex_to_7seg_0/U0/hex_digit[3]
    SLICE_X60Y17         LUT4 (Prop_lut4_I0_O)        0.048     2.102 r  board_top_i/hex_to_7seg_0/U0/seg[3]_INST_0/O
                         net (fo=1, routed)           0.415     2.517    seg_OBUF[3]
    V8                   OBUF (Prop_obuf_I_O)         1.302     3.820 r  seg_OBUF[3]_inst/O
                         net (fo=0)                   0.000     3.820    seg[3]
    V8                                                                r  seg[3] (OUT)
  -------------------------------------------------------------------    -------------------

Slack:                    inf
  Source:                 board_top_i/seven_seg_controller_0/U0/digit_index_reg[0]/C
                            (rising edge-triggered cell FDRE clocked by sys_clk_pin  {rise@0.000ns fall@5.000ns period=10.000ns})
  Destination:            seg[0]
                            (output port)
  Path Group:             (none)
  Path Type:              Min at Fast Process Corner
  Data Path Delay:        2.380ns  (logic 1.506ns (63.258%)  route 0.875ns (36.742%))
  Logic Levels:           3  (LUT4=1 LUT6=1 OBUF=1)
  Clock Uncertainty:      0.025ns  ((TSJ^2 + TIJ^2)^1/2 + DJ) / 2 + PE
    Total System Jitter     (TSJ):    0.050ns
    Total Input Jitter      (TIJ):    0.000ns
    Discrete Jitter          (DJ):    0.000ns
    Phase Error              (PE):    0.000ns

    Location             Delay type                Incr(ns)  Path(ns)    Netlist Resource(s)
  -------------------------------------------------------------------    -------------------
                         (clock sys_clk_pin rise edge)
                                                      0.000     0.000 r  
    W5                                                0.000     0.000 r  board_clk (IN)
                         net (fo=0)                   0.000     0.000    board_clk
    W5                   IBUF (Prop_ibuf_I_O)         0.226     0.226 r  board_clk_IBUF_inst/O
                         net (fo=1, routed)           0.631     0.858    board_clk_IBUF
    BUFGCTRL_X0Y1        BUFG (Prop_bufg_I_O)         0.026     0.884 r  board_clk_IBUF_BUFG_inst/O
                         net (fo=43, routed)          0.562     1.445    board_top_i/seven_seg_controller_0/U0/clk
    SLICE_X57Y17         FDRE                                         r  board_top_i/seven_seg_controller_0/U0/digit_index_reg[0]/C
  -------------------------------------------------------------------    -------------------
    SLICE_X57Y17         FDRE (Prop_fdre_C_Q)         0.141     1.586 r  board_top_i/seven_seg_controller_0/U0/digit_index_reg[0]/Q
                         net (fo=10, routed)          0.262     1.848    board_top_i/seven_seg_controller_0/U0/digit_index[0]
    SLICE_X59Y17         LUT6 (Prop_lut6_I3_O)        0.045     1.893 r  board_top_i/seven_seg_controller_0/U0/hex_digit[3]_INST_0/O
                         net (fo=7, routed)           0.147     2.040    board_top_i/hex_to_7seg_0/U0/hex_digit[3]
    SLICE_X59Y17         LUT4 (Prop_lut4_I0_O)        0.046     2.086 r  board_top_i/hex_to_7seg_0/U0/seg[0]_INST_0/O
                         net (fo=1, routed)           0.465     2.552    seg_OBUF[0]
    W7                   OBUF (Prop_obuf_I_O)         1.274     3.826 r  seg_OBUF[0]_inst/O
                         net (fo=0)                   0.000     3.826    seg[0]
    W7                                                                r  seg[0] (OUT)
  -------------------------------------------------------------------    -------------------

Slack:                    inf
  Source:                 board_top_i/seven_seg_controller_0/U0/digit_index_reg[0]/C
                            (rising edge-triggered cell FDRE clocked by sys_clk_pin  {rise@0.000ns fall@5.000ns period=10.000ns})
  Destination:            seg[6]
                            (output port)
  Path Group:             (none)
  Path Type:              Min at Fast Process Corner
  Data Path Delay:        2.464ns  (logic 1.463ns (59.392%)  route 1.001ns (40.608%))
  Logic Levels:           3  (LUT4=1 LUT6=1 OBUF=1)
  Clock Uncertainty:      0.025ns  ((TSJ^2 + TIJ^2)^1/2 + DJ) / 2 + PE
    Total System Jitter     (TSJ):    0.050ns
    Total Input Jitter      (TIJ):    0.000ns
    Discrete Jitter          (DJ):    0.000ns
    Phase Error              (PE):    0.000ns

    Location             Delay type                Incr(ns)  Path(ns)    Netlist Resource(s)
  -------------------------------------------------------------------    -------------------
                         (clock sys_clk_pin rise edge)
                                                      0.000     0.000 r  
    W5                                                0.000     0.000 r  board_clk (IN)
                         net (fo=0)                   0.000     0.000    board_clk
    W5                   IBUF (Prop_ibuf_I_O)         0.226     0.226 r  board_clk_IBUF_inst/O
                         net (fo=1, routed)           0.631     0.858    board_clk_IBUF
    BUFGCTRL_X0Y1        BUFG (Prop_bufg_I_O)         0.026     0.884 r  board_clk_IBUF_BUFG_inst/O
                         net (fo=43, routed)          0.562     1.445    board_top_i/seven_seg_controller_0/U0/clk
    SLICE_X57Y17         FDRE                                         r  board_top_i/seven_seg_controller_0/U0/digit_index_reg[0]/C
  -------------------------------------------------------------------    -------------------
    SLICE_X57Y17         FDRE (Prop_fdre_C_Q)         0.141     1.586 r  board_top_i/seven_seg_controller_0/U0/digit_index_reg[0]/Q
                         net (fo=10, routed)          0.262     1.848    board_top_i/seven_seg_controller_0/U0/digit_index[0]
    SLICE_X59Y17         LUT6 (Prop_lut6_I3_O)        0.045     1.893 r  board_top_i/seven_seg_controller_0/U0/hex_digit[3]_INST_0/O
                         net (fo=7, routed)           0.268     2.161    board_top_i/hex_to_7seg_0/U0/hex_digit[3]
    SLICE_X60Y17         LUT4 (Prop_lut4_I0_O)        0.045     2.206 r  board_top_i/hex_to_7seg_0/U0/seg[6]_INST_0/O
                         net (fo=1, routed)           0.470     2.677    seg_OBUF[6]
    U7                   OBUF (Prop_obuf_I_O)         1.232     3.909 r  seg_OBUF[6]_inst/O
                         net (fo=0)                   0.000     3.909    seg[6]
    U7                                                                r  seg[6] (OUT)
  -------------------------------------------------------------------    -------------------





--------------------------------------------------------------------------------------
Path Group:  (none)
From Clock:  
  To Clock:  sys_clk_pin

Max Delay             1 Endpoint
Min Delay             1 Endpoint
--------------------------------------------------------------------------------------


Max Delay Paths
--------------------------------------------------------------------------------------
Slack:                    inf
  Source:                 btn_step
                            (input port)
  Destination:            board_top_i/single_step_clock_0/U0/btn_sync0_reg/D
                            (rising edge-triggered cell FDRE clocked by sys_clk_pin  {rise@0.000ns fall@5.000ns period=10.000ns})
  Path Group:             (none)
  Path Type:              Setup (Max at Slow Process Corner)
  Data Path Delay:        4.273ns  (logic 1.441ns (33.733%)  route 2.831ns (66.267%))
  Logic Levels:           1  (IBUF=1)
  Clock Path Skew:        4.785ns (DCD - SCD + CPR)
    Destination Clock Delay (DCD):    4.785ns
    Source Clock Delay      (SCD):    0.000ns
    Clock Pessimism Removal (CPR):    0.000ns
  Clock Uncertainty:      0.025ns  ((TSJ^2 + TIJ^2)^1/2 + DJ) / 2 + PE
    Total System Jitter     (TSJ):    0.050ns
    Total Input Jitter      (TIJ):    0.000ns
    Discrete Jitter          (DJ):    0.000ns
    Phase Error              (PE):    0.000ns

    Location             Delay type                Incr(ns)  Path(ns)    Netlist Resource(s)
  -------------------------------------------------------------------    -------------------
    U18                                               0.000     0.000 r  btn_step (IN)
                         net (fo=0)                   0.000     0.000    btn_step
    U18                  IBUF (Prop_ibuf_I_O)         1.441     1.441 r  btn_step_IBUF_inst/O
                         net (fo=1, routed)           2.831     4.273    board_top_i/single_step_clock_0/U0/btn_in
    SLICE_X35Y46         FDRE                                         r  board_top_i/single_step_clock_0/U0/btn_sync0_reg/D
  -------------------------------------------------------------------    -------------------

                         (clock sys_clk_pin rise edge)
                                                      0.000     0.000 r  
    W5                                                0.000     0.000 r  board_clk (IN)
                         net (fo=0)                   0.000     0.000    board_clk
    W5                   IBUF (Prop_ibuf_I_O)         1.388     1.388 r  board_clk_IBUF_inst/O
                         net (fo=1, routed)           1.862     3.250    board_clk_IBUF
    BUFGCTRL_X0Y1        BUFG (Prop_bufg_I_O)         0.091     3.341 r  board_clk_IBUF_BUFG_inst/O
                         net (fo=43, routed)          1.444     4.785    board_top_i/single_step_clock_0/U0/clk
    SLICE_X35Y46         FDRE                                         r  board_top_i/single_step_clock_0/U0/btn_sync0_reg/C





Min Delay Paths
--------------------------------------------------------------------------------------
Slack:                    inf
  Source:                 btn_step
                            (input port)
  Destination:            board_top_i/single_step_clock_0/U0/btn_sync0_reg/D
                            (rising edge-triggered cell FDRE clocked by sys_clk_pin  {rise@0.000ns fall@5.000ns period=10.000ns})
  Path Group:             (none)
  Path Type:              Hold (Min at Fast Process Corner)
  Data Path Delay:        1.503ns  (logic 0.210ns (13.941%)  route 1.293ns (86.059%))
  Logic Levels:           1  (IBUF=1)
  Clock Path Skew:        1.958ns (DCD - SCD - CPR)
    Destination Clock Delay (DCD):    1.958ns
    Source Clock Delay      (SCD):    0.000ns
    Clock Pessimism Removal (CPR):    -0.000ns

    Location             Delay type                Incr(ns)  Path(ns)    Netlist Resource(s)
  -------------------------------------------------------------------    -------------------
    U18                                               0.000     0.000 r  btn_step (IN)
                         net (fo=0)                   0.000     0.000    btn_step
    U18                  IBUF (Prop_ibuf_I_O)         0.210     0.210 r  btn_step_IBUF_inst/O
                         net (fo=1, routed)           1.293     1.503    board_top_i/single_step_clock_0/U0/btn_in
    SLICE_X35Y46         FDRE                                         r  board_top_i/single_step_clock_0/U0/btn_sync0_reg/D
  -------------------------------------------------------------------    -------------------

                         (clock sys_clk_pin rise edge)
                                                      0.000     0.000 r  
    W5                                                0.000     0.000 r  board_clk (IN)
                         net (fo=0)                   0.000     0.000    board_clk
    W5                   IBUF (Prop_ibuf_I_O)         0.414     0.414 r  board_clk_IBUF_inst/O
                         net (fo=1, routed)           0.685     1.099    board_clk_IBUF
    BUFGCTRL_X0Y1        BUFG (Prop_bufg_I_O)         0.029     1.128 r  board_clk_IBUF_BUFG_inst/O
                         net (fo=43, routed)          0.831     1.958    board_top_i/single_step_clock_0/U0/clk
    SLICE_X35Y46         FDRE                                         r  board_top_i/single_step_clock_0/U0/btn_sync0_reg/C





